nitrogen_gkg,phosphorus_ppm,potassium_ppm,ph,soil_moisture_m3m3,temp_c,rh_pct,rain_mm,crop
1.149568384647725,20.962578398010884,214.99078622945518,7.021190235059318,0.11553441006759894,13.513232928295213,58.98782012881259,1.4653250430056635,wheat
1.1240644605491816,22.69530872020513,230.45339816080244,7.298135211959486,0.1429822777379534,21.55253588721916,46.14014077186215,0.0,wheat
1.2862197683239207,29.866484963224288,221.87455887565227,6.536206023737529,0.13861216771403043,13.73227350995661,51.25267219426528,2.9807250651870496,wheat
1.5056915348828064,20.556221964069188,236.94699364095595,6.748928069597048,0.14738143830462747,15.433888928759137,61.81900825102463,0.0,wheat
0.2830191022234019,18.358655630802986,178.78854791443024,7.125607345833844,0.14324930648645132,14.904626293521524,65.168337080176,0.0,wheat
1.1698146537823004,20.236601332260808,225.14889358574146,7.09118178692626,0.14234448267773553,22.749425509346043,62.79937717367558,2.9569840753002365,wheat
0.98055508717314,17.695773437100534,198.85142766387938,6.899595840286069,0.11124595501509155,32.67877111240274,45.16848949376208,0.0,wheat
1.4689657304143937,30.531099888060794,242.7561710877667,7.101490407580604,0.16992207421047567,20.52986261991848,37.924492802332274,0.9358469033625747,wheat
1.5335135150608017,13.33792956353027,221.50890943542677,6.751942415605237,0.10895427423152153,24.618159931840484,61.96935689831879,6.642817033801462,wheat
1.4169887187205974,18.343579248141626,194.71910834496862,6.101051339254796,0.15332957459355373,18.165835825931495,54.15687071559283,3.4986052385793505,wheat
0.9467879532720076,20.23805221829369,137.14211804782377,5.950512828576771,0.10012922557328525,23.078804942583357,69.32191926931957,1.9630663736725766,wheat
1.291477497719931,23.007816211283394,268.81335010541216,7.136013119242923,0.12957926603926398,15.94527848277344,65.84062377213513,2.7620942559115043,wheat
1.629429542399977,21.82056044391272,307.8895416017731,6.384674195806906,0.1757571144992065,21.575594863036166,48.80477188905397,0.0,wheat
1.147139306961407,30.539926157003105,256.73685234766276,7.013330318559602,0.03684445994180806,24.554821022850195,61.6702289310381,0.9001474311893458,wheat
0.9804154718368613,21.986137289118513,297.6194318416929,5.9669395803466045,0.10502682378423002,27.80892375175292,49.64619040686699,1.2714970482781198,wheat
1.2342217215510367,14.552263740185825,229.8975443567506,5.874229441815819,0.15098194086253505,21.015904113789947,82.40117760217301,2.5616810270620696,wheat
1.677991321651462,14.180416169695816,214.50372954151607,6.793887392408461,0.1811002321429867,12.59542030989518,66.88743615770588,3.1827080276318327,wheat
1.7367411685083454,26.27431310847232,222.34320332967766,6.287010209749104,0.07631370987550479,21.977113824514852,52.69963877205627,6.040534676159283,wheat
0.9861413102053034,23.922351071230676,149.39493611459216,6.3627224530042925,0.12914017580318846,25.119800062597527,72.37722024193721,1.9117036473414615,wheat
0.8089642923286898,24.747102396949238,243.2644194286207,6.894995005702961,0.09548993052888434,26.666921987934437,56.054750930854176,3.3996492434319716,wheat
1.6459256340330566,25.655633923395108,232.89322125917968,7.891677141060314,0.12852960643402525,19.520178836139593,56.34360445099636,4.96553733687427,wheat
1.24154937041038,25.116265930835272,273.80791481494737,6.292284833863902,0.059570058076122395,22.497115761082206,57.75681753428763,0.7839796428783712,wheat
1.5048802333648457,25.64540426190742,175.22534102802626,6.910931066412721,0.11313632643840986,13.584873648963594,60.43540279679162,1.9095707466412182,wheat
0.9391509852835463,25.13767352138049,241.96419724865706,6.253477689633421,0.1340123266687137,26.07532468096222,46.44800037177158,2.761780054803185,wheat
1.2009645126684574,35.596061863905305,136.1963663149816,7.017170358843877,0.10928142430765744,20.499012255850836,77.81906771659924,1.982853697478412,wheat
1.9843302963214486,19.34711220751872,235.77304186066493,6.305491498995065,0.09582591955837405,21.312415632257657,51.60914169581077,2.4049831679728553,wheat
0.4632402462965427,34.01480613165759,212.48513910484246,7.645743303740395,0.08475107558627325,22.462678523621342,92.97930521772263,0.26054163378742157,wheat
0.676645079412107,18.720942787980157,241.26197922951724,7.016004024036778,0.16516283408074992,19.714938008033425,35.77299088599638,1.1299403910498287,wheat
1.634077943180615,24.793975919027748,131.93775465812485,6.578969092987106,0.16893588319627456,31.632740684752175,61.740239665417334,2.618604625599004,wheat
0.7659280162049948,16.94054275619497,222.11121358777746,6.901918644488117,0.14030644668919176,18.60895722432932,41.176693258917815,0.4444363178001738,wheat
0.7950589620090835,25.86045509658396,115.9473502279453,6.400033184634303,0.1357457416235424,28.6100636233247,55.85559610061166,4.00256787902822,wheat
1.0603485748766177,17.533576080807457,189.65231327031404,7.516401469141099,0.1547977400364211,23.436989632313075,94.96322636274127,1.9353172549477011,wheat
1.4171223778600803,23.845549315351068,210.0151439444128,7.98970280866291,0.17273116810629896,14.002601826897227,50.20184413257741,2.8566730767365747,wheat
1.4741141252647165,13.909317581119723,118.49972858401887,5.45617981874293,0.11751109878305732,20.483984104801614,59.142632513374174,0.4606504442418833,wheat
0.771516813432878,9.861729654523902,234.81343114363466,6.8220323750926655,0.1547547784624499,24.95397843989616,52.711413028756695,4.69852192550697,wheat
1.1522715809657076,18.034981682091566,196.57397005133944,6.249113013176763,0.044199214817488036,21.781630264928832,57.99862710114599,1.2754683782358036,wheat
0.9501554854697548,24.230822946131656,297.25917643964607,6.622953091502988,0.10223282374766027,18.042763987885348,54.162922742258054,0.0,wheat
1.1561587591306721,22.367093586020683,303.0105409494786,7.166084258468024,0.15619102324774578,17.4352572945038,63.03905851883491,0.0,wheat
1.3091862438418045,24.512423562513153,185.51157627719937,7.7996278830968935,0.13985807819627322,11.486358485527456,61.634318639149704,1.1851763622199838,wheat
1.2004816755357057,24.7945887454851,237.5739700290194,5.3765091941792305,0.07945880897352453,24.86312079287296,70.6144509907515,5.806305773325001,wheat
1.8311088835285867,9.666780372217122,254.6266954421403,5.4502258793309375,0.17647602549896985,22.266747014110244,41.30597454427553,6.01980189418228,wheat
1.425389804601805,10.653106666291166,233.20606528572793,6.161316055400771,0.12389534179895838,18.67402692722318,71.48192663522386,0.0,wheat
1.3110918088914958,32.885130043599865,182.7867865463378,6.726389205634931,0.1270700574332527,17.55148905560706,62.77472347318303,2.1941005636197928,wheat
0.8696813733259068,32.5720966293931,255.62267484654112,6.499735832986481,0.09771638313947878,17.078186888947368,69.77129167072663,1.7070435309189025,wheat
1.3608033713526644,20.89325979464239,247.7384261417811,6.53041252192447,0.14673488553669742,20.083945450892355,64.95504756542226,3.3447682186992758,wheat
1.1591865697685868,16.841336557440478,177.69460042552873,6.155557907915537,0.08554293248503164,25.328982106270256,54.44077224987517,5.140201955145061,wheat
1.9977654396967988,22.145334826433416,150.33922589454824,6.3711278810758305,0.11736280540792447,13.557788274235994,51.99408067236338,2.5738926182837685,wheat
1.0392002538309184,17.389444462522864,185.8559458196736,7.6720102382156465,0.11441238718958084,16.850349426582177,50.52521931165849,3.9086874160907397,wheat
0.9603591845851048,24.891083855990974,252.75482270048653,7.049470699320585,0.16898931349188276,18.24759010181796,68.59279434618396,0.41429280037726124,wheat
1.061211043050271,29.17652303836219,257.00689314000294,6.601258530359044,0.07830051608895428,23.808299135466623,47.435527606201234,0.15223034358017395,wheat
0.9731530109499907,23.47896423940266,124.553555255582,6.816457891927193,0.126086836689848,18.07736798781497,67.44312752140428,3.222880847385515,wheat
0.9878005490871968,17.979900269374458,251.2818163957868,5.690355864350355,0.1083582149586061,17.844767362626623,55.838529815847544,2.42225304478153,wheat
1.2128757702374982,28.809088457316488,230.26283655844034,6.411004649269668,0.07762007823548464,24.60924898428865,61.33775855022026,4.901619089793506,wheat
0.938390808291867,22.158508240514116,217.35882860827277,6.54743348445026,0.12036365739644897,12.427302548592685,64.89982640830782,3.306411742663935,wheat
1.5956656903005855,35.4974461989661,205.64647628639042,6.578314094141213,0.12034242477931689,30.71092725354228,34.225363327180816,2.9715359404147965,wheat
0.6852090213930465,6.510575307260879,129.0625243830428,5.770938866574976,0.15741589037972453,16.658197935171152,52.270508088622975,0.0,wheat
1.4138326673786608,15.388230852995116,279.29434792023244,6.00413675143963,0.09323103967074811,21.613705227012158,55.29653464993436,4.84938017750577,wheat
1.2421425508326096,14.752994269834753,194.78491266566581,6.256329633979299,0.14537647773959345,22.91896504406105,53.567307723854356,3.739214440006771,wheat
1.0150262539876058,21.182597510127398,228.1342181949979,7.516908769658867,0.11655133868867427,19.246005455926326,42.449955547452504,3.3721043666329207,wheat
0.9943241190135358,24.0621101072074,134.42755493246295,7.2259121752890065,0.07338217812039885,17.11328818212292,67.70297361823168,0.0,wheat
1.1721907376193679,22.44553648648294,175.06494340002206,7.405759800929983,0.17245724058135461,11.14191248202524,37.61211643121794,3.616464404986014,wheat
0.7439415526214399,19.66817587859787,225.82984397502247,7.015110049388016,0.11218615919560414,21.476104599010192,45.679204991794236,4.584723196867786,wheat
1.0266401500843758,24.038397325456017,196.97628610375446,6.66379409444066,0.1141142913460012,20.18767914217448,42.83462970147404,3.592825588476073,wheat
1.6949148458583914,23.458888586676597,252.9550873186472,7.102840728431147,0.15247950233467378,22.516783756795583,57.5470873597888,3.72801454404158,wheat
1.224091313960974,16.15648963741028,221.0731759505169,5.4669507650763345,0.11979349164357167,23.066861681487495,69.83176931576743,2.302554554794184,wheat
1.5248489374135423,21.99677491485155,173.94356442789356,5.753172169368423,0.08605929676519522,14.16926140676598,62.6044937262311,1.5847706286034047,wheat
1.3996102115053606,22.4405885789889,266.982229512496,7.236115674533302,0.09741316972779968,19.628420195274497,48.606056958704585,0.0,wheat
1.436326000890305,29.13276872916164,219.71072239266113,6.3040846689305985,0.15818167601113445,9.275188554922545,57.129702351224495,2.286567948200585,wheat
1.0002000309160846,30.349447184556247,263.6830938574522,6.443305651381226,0.11696564034818578,19.059880182256467,48.85456109614838,0.0,wheat
1.682981958793735,28.168000901744215,255.91748490127543,5.943398448134354,0.19282958076216666,30.900826327786326,57.25668602801543,0.19155869572004725,wheat
0.8967494707595411,24.51129178653093,178.91436368750925,6.579473469445967,0.1581025648425367,13.465881281584332,79.06874434714868,5.133416817992493,wheat
0.7670199526268892,13.518152234517753,207.24601658982405,5.98131407981978,0.11076977105813171,8.094070172957895,52.255575337576246,5.605712943157635,wheat
0.80919185474183,20.361586979023663,152.96758595766042,6.982942515145182,0.11211382837634958,30.703665298296166,57.4820733212728,1.2556400635226619,wheat
1.3925953735145242,18.96263224487143,159.73113199813366,6.7811686618731635,0.11387959206270236,21.83157525169431,59.50548799072078,0.9793606568110895,wheat
1.3475517303723585,32.42617943885927,170.14902116236755,7.642455304340468,0.1115018862153635,17.166866770753252,84.1266468538215,2.3100432662504957,wheat
1.6796410516069145,26.9055654455072,144.37323287321237,6.6724917591915105,0.10161380841152678,14.291037025020481,33.739463604162715,2.2045804874477706,wheat
1.4065885537796747,24.34400911141718,206.23771501774803,6.1208898122351,0.08545985864340241,18.224197027702747,42.60333756255121,1.5934506974002627,wheat
1.1919895206109419,16.624071010336237,209.55774395064938,6.14380797690696,0.11984346581617822,23.535438539773647,57.137502807385125,2.9443017489820518,wheat
0.621794897837245,19.727821008528974,232.4532719528856,6.984697475754799,0.06406988230409622,21.795891269090028,69.47704778237957,1.6427786083756364,wheat
1.1668346609831426,24.702741292156077,231.12031827808545,7.004782410155127,0.12253448524297177,21.7624803517636,45.6106667543076,1.6591242772757968,wheat
1.6385927130440279,20.774981466044178,212.41460742334166,6.305097976848293,0.14755150588542504,16.726604611686092,65.9260263406246,0.12605321147906978,wheat
0.829776606199849,23.23563677256466,225.85807613208144,6.778534381808344,0.157188799231129,18.937520173998433,60.31592311472738,0.18036546930161634,wheat
1.6407091603946071,25.794751998520088,244.14334444089567,6.712727094785871,0.09250401945513273,19.363142191663055,61.02135354190018,1.9616317609277119,wheat
1.243310631865057,13.841082959189754,228.1492290944311,6.184843565915458,0.0820832206186704,20.226573052402262,32.721948968648576,3.3971399808121916,wheat
1.4982045141919356,21.679383404519715,175.27980214516433,6.032778707751659,0.11471069312861168,8.881331344152239,57.16572139689229,3.3288640479601526,wheat
1.0908368030194477,19.03358578354241,228.18852663558977,6.810386440223937,0.15829531131530647,21.091983396065743,46.72290818159386,1.0774699080552996,wheat
1.2636810096510298,31.337202249981583,205.5877012845537,5.968484004359201,0.08954626829535549,10.51832696888423,58.9575279721725,0.0,wheat
0.7682716653355974,10.143912315071779,169.69052291876386,6.9410486861626906,0.07410260591811643,12.25178831631985,57.13915760763841,1.3176574221279733,wheat
1.3512665047320978,26.44335882944703,219.61754812600986,5.821343504170903,0.11566700135705274,23.501297400749895,48.004132515265596,0.0,wheat
1.5859142213064197,19.508514140893,201.58464944133493,6.60957734503872,0.1560665325128238,22.31809875978312,51.00128816371538,3.364266690531488,wheat
1.9514585724826463,30.32671754863307,250.27921393050937,5.9266317120857614,0.2513220560072866,15.006714406640395,50.538365157770556,0.6002216115428589,wheat
1.769412151533071,24.52144045285482,155.7793766715887,6.760552306356734,0.13914169837471285,19.407584882206432,40.357722528225594,0.5499331640769696,wheat
1.0471028433064593,22.136389173640246,196.60405226364668,7.04113224254667,0.08675183756815041,12.3430656574543,46.12727867356912,4.697781292762901,wheat
0.9993952924972596,36.044853326747344,242.11679054731871,5.901344361453404,0.09079998311258945,22.216862356969067,40.86827293258264,6.749157306063201,wheat
0.8531882266873727,26.085660735704096,285.70584506170644,6.534479755797196,0.0851448606116472,19.634668288626916,59.34659676960889,3.7515041857230447,wheat
1.2198509275986873,13.598665444114872,221.90457579743676,6.195985097068502,0.0435867456901107,17.512199059181096,37.810591902544914,3.1737088145370254,wheat
1.8804576639143775,33.15252194056238,194.20560649980433,6.319563377866037,0.14410736997633425,26.306428060364315,49.97513696128376,1.714728123456847,wheat
1.9724252722035123,21.355290886676684,198.16053509689843,6.671948390324974,0.14028958267454497,15.891790713907092,52.01916633195734,0.0,wheat
1.102607756274799,33.261547172680615,253.37749804005506,6.544474049568804,0.08734107910447704,19.442960202604183,67.60879993294247,0.876626379398662,wheat
1.7076472301320451,13.758181868429013,206.9479168021657,7.645658599970532,0.04972564308312119,26.9420657867491,32.783475104314824,1.8198403058680208,wheat
1.1396128415561217,26.945760944270525,78.0455584244028,5.449314112289222,0.10018942972281765,21.184475201379936,44.28139774649064,1.5582660468936484,wheat
0.784839391616311,19.59236219636927,181.89552330894182,6.7464127806082415,0.140349694758494,28.164650314035264,47.122977457404836,1.3640163534953476,wheat
1.2167108996048306,20.230484397455275,217.6604253804173,5.6626927625830685,0.13301141882495623,16.42404219849381,43.51646118404079,0.0,wheat
1.6063505707314902,21.15634539221677,271.7271392071,6.763381009108889,0.060382367579642944,15.581517845525676,64.09518368728732,0.468634571617919,wheat
0.8183795828937561,20.92372523036626,212.03647767596837,5.992879560544022,0.10858491605352881,18.607536633318478,23.92012435049279,3.005327053906134,wheat
0.9160187617763014,29.826636548551466,168.24440941332466,5.652240972167185,0.16156683803953378,13.074724421018313,47.36590876745,3.194673436971758,wheat
1.0846238649808144,12.067168186544592,228.46158555752353,6.483406253297254,0.16493492724236994,23.943239520051655,91.42857157733867,0.0,wheat
1.192413836346823,15.600073053797296,271.9637725374405,7.09310278665209,0.14639132392928728,17.113340217073066,46.05818109539725,0.0,wheat
1.798325049668101,25.049315765777948,208.2613022266185,7.1601092061233995,0.14628204378220258,25.876320973687363,35.51755066496193,0.5723281140065202,wheat
1.2684046933736408,24.132526871260417,263.0755688552208,5.9948186698472785,0.12445231975222218,32.026768959882716,63.30306373132946,3.741125768214927,wheat
1.193284455406562,26.60576207811681,301.17954040139824,6.6639851923586,0.16283924416895695,16.62430310834282,62.08118519956997,3.808433350393928,wheat
0.9367988172596315,28.58874519129337,189.61390317851126,6.116856445476106,0.1199582677113205,30.65994871488286,58.70983543687365,3.87156956410893,wheat
0.9438707975414647,22.46498473445679,167.05496335058112,6.257336175996528,0.1492474234077271,20.80801347044455,72.41555610572836,1.5951671175786393,wheat
1.1307224253846446,29.66008928640125,190.81225724740693,5.688141236495892,0.165544692227599,23.070939379714417,29.017660629061382,2.0890586427383733,wheat
1.058674550285839,32.46903796071566,187.1953864051731,6.251539166565871,0.08813597117842642,15.729719566700306,46.59404895174431,0.0,wheat
0.8390809165547617,12.360488580113454,152.6224576397462,5.664194981239537,0.10175943730087766,17.581557272061282,40.28235522829906,2.9565417500390776,wheat
1.1831734414506403,19.408144284947273,199.12120244229519,7.555727736957505,0.12839349377571257,23.376891634973337,23.96752067348337,0.6925310211909428,wheat
0.44014762559794385,19.44277403690493,236.79895658543157,6.195421339741539,0.1381513090584826,15.886250124723151,61.909637770570605,0.0,wheat
1.1084091120420974,24.51884318814306,244.11643546978448,6.5236419822653895,0.18788999943706924,18.927900815088968,49.5880510903681,0.0,wheat
1.8191268385575141,19.78601025294778,167.07930269273785,7.392542668233293,0.16324271432164825,21.541628122830307,37.780941176455244,2.837952101856928,wheat
0.9825128040449554,14.975369227814458,266.9517565214583,5.320444748168272,0.13985071400784704,23.296775482850812,79.61212963747211,2.6503476636598546,wheat
0.4795489780926926,16.983274074575633,222.91001145875177,6.813338186165871,0.15432856267203013,11.201621189604708,51.04060375359927,3.939721892205064,wheat
1.7403894284398613,33.16614293987577,202.44013701859825,7.258563153963852,0.17990993198430777,26.99034761696406,63.6842231443843,3.655593855618041,wheat
0.9235404909394336,13.316501373913292,264.22815678880085,6.39175991497032,0.1190153246748559,18.106399740428124,50.28511789780384,2.4654987893717744,wheat
0.8423492190329267,22.41100007150065,231.0724693853085,6.55358674752676,0.09397295673209581,24.933099267591768,77.47164356791959,0.7975140803871517,wheat
1.6320619977197905,27.335584355676538,100.60367268771975,6.143283540032148,0.09774558933951513,24.90885775390576,57.261854572449856,2.948796178939015,wheat
1.4226976037549417,16.606499710946004,186.40525218245398,5.866266622372015,0.11404052902075615,20.404483966690563,57.05446392399574,0.5453847478163985,wheat
1.517283609350071,27.502664895651222,289.59334639006454,7.026784737238211,0.12649289334642605,24.362119864263256,62.317021471038366,0.6963702001889163,wheat
1.6512848695990896,32.311108912989155,308.96289311844316,6.6211354254278465,0.13134946551543364,23.081794452607465,54.969453241592895,3.2385775324275787,wheat
1.1575870522174647,20.837299577511143,299.15419760439835,6.698829263941131,0.12234535703770741,25.410096385162277,56.80399554939177,2.583244514418527,wheat
1.1777525382323482,14.677501047068214,218.60627279002205,5.917869142851033,0.12735529289917963,15.09280893400295,66.00050957859912,3.4984695311976743,wheat
1.2981498882887663,21.399196733863555,238.73355757907458,5.421000997645108,0.08161130361555827,20.256333684430246,59.14311320251077,1.8412084555943018,wheat
0.8483864515655011,22.800676207726553,199.58348098890053,5.9588417739617245,0.1315325705279361,19.950108968144885,69.35779810835741,3.331064133908668,wheat
1.4571349668462639,23.92999974103636,181.96699102475552,6.03862371472299,0.0685094665808116,35.39506248781801,42.046662530167616,1.5803363310890532,wheat
1.0738637920971474,20.31341427143156,193.71772721441084,5.478993090437602,0.08506321918773824,14.046652348863725,53.47864490807708,0.6316011892964033,wheat
0.9594869093872409,23.295275473890374,193.7746714513785,7.159256482003088,0.10648370747918695,22.125783641120037,39.09643938288784,3.3137460418038778,wheat
1.0581858125482542,24.45254849974168,234.85023255015085,6.495934106552438,0.12761036907032242,19.073517820236063,71.15331700409504,3.868577709368709,wheat
1.3688729912795616,14.919157509679938,170.53124549886428,6.201683058370982,0.11142491097559956,23.240078344946696,44.241545816256334,4.354148142687142,wheat
1.201258189114301,9.923309351791572,198.6107299123335,5.048888829310934,0.09368949525873603,18.254360752734982,47.67507838516137,1.3494929154853175,wheat
1.0620643647912342,18.43759387839213,287.6123610421075,7.328941348579463,0.08003557701235563,27.269499492567032,35.54359021743324,0.37077566056584654,wheat
1.733817461065693,8.562679971496237,245.8653548319829,5.847903530064159,0.11495999563189815,20.09898394648554,75.3664505404575,0.3787931170328396,wheat
1.175844685863653,25.76211889351124,208.67001288415432,6.106759603940735,0.11792800770517928,21.467557429287847,65.60866520690853,0.11389530879304433,wheat
1.042804320279182,23.93765613714552,212.4774653198182,6.488831861411135,0.11940489138365488,17.520802558815536,45.40371518040762,2.8814603572189235,wheat
0.8167149675229244,28.992303107245448,229.77872109384654,5.834075345058826,0.12990594485003412,21.836392995428206,64.14593660540757,4.317699143690009,wheat
1.0717533095173728,17.753423753761048,192.7308305250582,6.01134694271945,0.09387454516091039,22.422512188056707,55.18318975382598,1.0172859855341598,wheat
0.9416104662261554,24.087317617068898,197.4280444275164,5.9759059543361515,0.11469137998378494,19.677532009525205,42.15950448283978,3.6543527125228192,wheat
1.4961043504491403,22.245362107063123,225.8968166009071,6.9163848598479465,0.11891771347077443,25.45646122321331,74.87210181639382,2.160986085052269,wheat
1.3540886983919365,27.24071000776817,204.78807369405916,5.92301728968487,0.1517100285371166,13.156178216268692,76.46604028026483,3.740866856764222,wheat
1.2656919093286139,22.306575603450963,298.81110766508226,6.032264425935775,0.07939322888867309,18.009320376439284,51.85843019115735,0.0,wheat
1.2538513757498349,22.815669684056495,183.37642834054807,7.561831591466137,0.07127741210426988,14.616385706723444,59.51344038050141,1.5850342315107133,wheat
1.3462043992222703,18.286176274373446,173.49970998921208,6.212673915745989,0.09607416425373985,23.624980041672856,49.24049975231418,3.5228607549823594,wheat
1.4058263710317287,28.243577993802795,260.53235629713447,7.070611694374347,0.14694485391534529,18.41653865237887,51.85739029911655,0.0,wheat
1.3021126966624093,17.957404519059786,238.06954589577435,6.916490447148365,0.07267672033916348,15.930803170032245,50.80784397099038,0.9647986887361126,wheat
1.2584570644474276,15.067457400325612,222.12302494698733,5.586908674911605,0.04457113741766967,24.58331819797788,39.336238130607214,0.8801645847993536,wheat
0.7039229721023081,13.546775259587035,202.05145481368183,6.353922976030513,0.15439054963532953,23.247560054569632,51.86657755202845,3.515367061321241,wheat
1.5907939763024723,24.467787891259785,201.71577379784952,7.211162025971147,0.18189825691371334,24.302671593558628,76.24811908480892,3.8531978333274695,wheat
1.497100504094993,15.458881090493776,169.890279431271,6.570309909200995,0.06156898071337344,18.035230935047625,65.40804873041486,0.6696891639604394,wheat
1.386616856529522,13.892494620640761,197.78615422662497,7.214064257650393,0.1272979352909854,22.451412635889238,75.45668597913554,4.593607004975894,wheat
0.893100083880796,29.907391699021822,192.31401448089125,6.5894461003680815,0.12053245795640857,26.365201234367568,41.44880033880709,2.903721768084172,wheat
1.3834052078528851,26.869079637027372,210.53263912029277,7.202047340022647,0.09509596049165378,26.735293733841534,59.22688201612277,0.0,wheat
1.3427721184195285,23.07582756266815,203.99546449963213,6.158247836381086,0.11159324651119362,13.789214934028506,75.28863356900949,0.0,wheat
0.9685509135976534,28.869394288351433,246.32638805225136,7.0321472227933555,0.1730847957920022,19.439286321631652,42.442060911534305,3.6885359384815803,wheat
1.4786974015824996,20.038663471931695,163.04890344989659,7.343490330947351,0.1401546585857928,14.132630391581074,64.35944579831458,0.0,wheat
1.0310793455378588,15.260143295856588,191.2976242469968,6.1000133970145045,0.09853412155060433,24.621319810235082,58.53509160468487,3.257463204089327,wheat
1.5823197432400293,19.76378497250416,223.59526074643847,6.922891798702583,0.17973585004095957,25.495391266910186,71.57861386504501,4.037929448917455,wheat
1.5700428961156874,11.291979004486308,259.6386637400556,6.727754908031278,0.12189750310383753,18.363724308423645,49.896711060632256,2.832361477654064,wheat
1.4939915172524765,13.013286370401012,229.81467192967267,6.263587932811622,0.08672190317874962,22.963111376391094,51.05538601725792,0.6819266386515264,wheat
0.9307922372546966,23.687793091945107,219.54827765868413,5.945015773824752,0.09056508295854127,20.0874676017809,59.861773721562514,0.0,wheat
1.3708373075253022,17.055983652322766,342.7485069414656,6.035398282718024,0.092345606089933,21.970016874268246,44.17142839405066,3.655262461208432,wheat
1.8304957213648727,19.67428117534245,227.77469685464982,6.2893442002299045,0.1199989888156467,28.158672092515257,65.73095437248035,0.1915501329922351,wheat
1.7410665278254969,28.97236797399889,241.8865743430342,6.204469550208429,0.12229976389074473,17.022670295643834,60.611269236063386,1.3670578033524987,wheat
0.41776328992683553,27.55721833766421,228.61538669573432,7.247089841480457,0.1152337093398813,21.94233309457253,68.38391373384042,2.7755941428574777,wheat
1.3008006055762376,41.28634583145541,212.39499141305723,6.701511449867048,0.1806910045410806,16.974961492357515,42.50803238217725,0.0,wheat
1.3867818607708684,25.75378446848156,253.36694409497142,5.7878639519719774,0.15520507058186606,26.986329406967076,53.83226410410778,2.0651329319120806,wheat
1.4364585223917712,24.202861000858,248.88863492694904,5.948348365220985,0.11388821649957566,14.937633201306358,62.57532342467496,3.0604329245534236,wheat
1.1654147532171848,23.780795376462006,149.9567638841064,7.114755158632285,0.10364551255273453,21.64525506707863,68.384436627743,0.48699878345028935,wheat
1.6190317313634446,22.74445185707181,221.26855699830455,6.933627341017852,0.0763541046136626,23.970530887805435,55.73811350446301,4.072553925209869,wheat
1.1241175390466411,19.820095319307985,236.63371686955284,6.564379324485499,0.0789110963903562,20.030211351144413,70.21156023825029,1.8137925482666164,wheat
0.8953390137312944,26.295622031301864,136.5950348376484,5.327839649624719,0.11985473963393879,21.904626154321566,57.644790539516116,0.21443421761685522,wheat
1.1473251329526846,13.607600488940946,229.88030398064262,5.630808687252131,0.11477650404122784,22.30789655566485,33.920491606913636,0.9549941489781286,wheat
1.4758511862452757,31.293807301543826,152.32178702867705,6.80395107505893,0.07674177188495931,14.273709990458135,74.15288597277225,3.336364471699471,wheat
0.9185319959349019,23.314166012979424,248.8875851318721,6.708775593835103,0.19865475602948038,24.028895705691927,19.084220554853864,1.4196004748658109,wheat
0.9421983237376889,20.77511933316158,220.6059653334607,6.209314244418984,0.08202788379013978,27.817027454713543,62.1681039273828,0.6585212994746663,wheat
1.4378773787019137,26.051083399043364,277.02883575158586,5.9668120040548835,0.1472958570274154,17.96105827746475,68.86053485630984,1.6151016906079112,wheat
0.40487726857596407,22.212123842119222,139.71268650925,6.469710344433551,0.11796329294281985,18.993474920949513,37.15696137641734,0.0,wheat
0.9043932902336298,20.51134833386527,277.9824900960954,7.025451258224549,0.10347316682786409,27.369388526996758,38.583250154783286,3.3700426341279766,wheat
1.1386678549293894,23.41794874386772,248.73079875455727,6.192254990030826,0.1480405346860416,20.95345006883692,83.94158682504201,1.3914778295794623,wheat
1.6442111927859724,25.882542555974148,167.16431125971772,7.416373343540786,0.08288562187305482,9.84002414808994,65.23978823214344,4.137906770576281,wheat
1.2182089708719146,20.433884128451897,291.26568097709645,7.0271208442713835,0.09704469266952914,24.657664898179846,40.08050044335757,0.8820641246042973,wheat
0.8321044887296778,8.799895719769832,167.02183536450366,7.333396741848038,0.08157623423983196,18.249839849983992,41.06831580014854,3.7312144332481547,wheat
1.2004191068585417,24.944471761408995,215.24409487608304,5.897383819666878,0.08591200215421965,25.186329701506246,54.311119653794734,3.5488033774467596,wheat
0.09309144532230706,28.66065241413121,197.77147647948388,7.903714347837383,0.10212357208771375,21.141344358397465,62.924531547969956,0.24840967937975544,wheat
1.5054582758373787,18.128704546868114,278.009638970175,7.075923754040925,0.13734728263191132,17.37902910638466,52.47314597693519,2.5998232167193773,wheat
0.48833004080966524,18.689504221202863,262.2133076751146,5.839091536550175,0.16476424076453713,17.858424059816418,58.879088116485896,0.0,wheat
1.369532392549954,24.776368184954688,271.1368280927012,7.4124420619864795,0.16387332920960457,22.044594918889395,40.28603057964524,4.647530167562049,wheat
0.7435528424679171,19.36774101798553,253.16988740684582,6.866134615101027,0.17575728842686647,20.979732866926113,34.71917232281085,1.4494831907175727,wheat
1.260921171294561,19.89634583538866,283.5604098260521,6.451432433112171,0.0697453445019639,23.33394732809188,41.22777739721256,5.399784679321894,wheat
1.2945329716684522,13.580293602099623,268.5726322073058,8.021547928894954,0.049858038143685654,25.51536754485477,60.808330964074216,2.35136059389698,wheat
1.3201649470444567,24.95131398905277,188.8147824093785,7.446593902870666,0.0727666543643684,30.79281685139906,73.33224659457582,0.0,wheat
1.198109954149833,30.519153922865918,197.90525049228214,6.502554873157629,0.10591679107095134,26.837364040028305,47.70780696250901,1.9803488109700784,wheat
1.3890753906538782,20.754389727835743,181.01058134443466,5.795070838630808,0.06686102464879966,15.100978748607178,34.353405352154624,0.546246424155391,wheat
1.305075181840497,22.324572212894186,182.80151134756224,5.989188626770249,0.08523140029785681,14.060509886544988,40.169469067003064,3.4287231475446154,wheat
0.7083859725936877,22.103895091892554,192.18757674324263,8.056766692066688,0.05710751883538877,21.96650427462859,50.99499287202706,0.4577392710401593,wheat
1.3103245340022511,22.933507703647113,171.89926761656926,6.855766415305567,0.1336209002534155,27.54734861622228,47.68034544055093,4.940888876291098,wheat
1.131113924595926,10.143925893864331,243.5393110326037,6.551045875941989,0.08911771654222732,25.666201719254385,49.34046058884099,4.033771215400497,wheat
1.1710546053352746,26.5019304148521,250.57649925178086,6.883900749308717,0.08387847997896417,25.59856488580164,55.26114070033254,6.004521547291599,wheat
1.3675344591532723,26.506757404147116,185.57981700159036,6.356315048641448,0.12338512980152655,15.147619790731497,40.95667156102906,1.7828344841997463,wheat
1.1727450803747084,23.212449320971697,270.26968603018446,6.359797582711357,0.14383064981696933,20.276823317760226,52.671857025549244,2.5141361043757833,wheat
0.4762951049646459,22.398141187044047,191.2784136456571,6.04209687646426,0.05395530039197287,18.785544545164697,32.47076713752313,3.740246318723228,wheat
1.1162424382509337,11.90756934325499,189.69138063711955,7.052972251196304,0.0991790786614669,19.593910969112017,50.56980142995229,1.7434477907788564,wheat
0.605081534792493,21.727241932343137,194.8858286704725,8.372267558483959,0.1125447067016042,18.72187703879709,66.86172408404386,1.6879356609896639,wheat
1.2886697667617142,16.755304200773246,289.98526317008356,6.223395194748485,0.13313725989167796,26.66178765441122,51.34594091018367,1.9997019002702183,wheat
1.40527967852458,26.096091480774426,170.9455906755098,6.708889937952806,0.08691208375460434,17.27314896957717,47.21930588099129,4.431955700144567,wheat
1.758802066942351,37.63271556327797,217.45523117289292,6.0951558708983535,0.08606813801534409,29.037403944922357,36.53946161013816,1.366062883033588,wheat
1.0018779339462687,32.49997164403676,174.39951554689245,7.2609980023558585,0.1659673576003901,20.166149867284528,60.58594353717384,0.0,wheat
1.1691272658608556,20.709837667370223,103.91878098166568,6.849226181091257,0.1324308245885661,12.533119748992373,38.05269004828706,0.501421709260871,wheat
1.0147863761976659,20.16180462457057,176.88440959840966,5.995285721551808,0.13072796353302804,18.623759804685275,53.718392759471136,1.540640262107215,wheat
1.3600201085370776,21.07435070810132,258.76927611163404,6.661799116838709,0.15111620044646382,27.2354111250256,37.47429452366126,3.8439902428319463,wheat
1.823987751940213,16.164825232253158,218.56581816247098,6.385677543524105,0.13542918762243647,23.59995936490522,46.968452773113825,4.6251130447378,wheat
0.9001617159093365,21.17008627780618,266.06165276048023,7.772062735181684,0.10205706651318604,24.91147305983806,57.64050045658654,0.0,wheat
0.8656841092995595,14.771375394785805,197.3507325158128,6.349927101507617,0.12097820778144301,27.388469656881,60.06971416567074,7.306125312121747,wheat
1.114800220420245,26.735517528172014,238.64852626124545,7.503940015547171,0.10674493807163221,25.22628923229125,74.54887308579228,0.5583743074329646,wheat
1.173794918433469,25.02583783701628,200.434924725352,6.0748535601868445,0.18414565485525883,19.85174947794708,75.80911709885564,0.9831493675320955,wheat
1.12751887885888,26.78283487784318,210.72913840694176,6.060679113938149,0.09480310858083006,22.363361791713146,47.00663178178894,2.1761355071308985,wheat
0.40994995212595053,18.651266345560558,211.88597094437335,6.292414976723114,0.08522446836416442,16.582477101159714,55.84625068895648,4.974119051213707,wheat
0.7105507808135682,20.34243874035645,263.96723212085874,6.800674712950305,0.11671849163872337,18.74643698276739,55.15914262340565,1.797871766439175,wheat
0.43473838345809346,17.70530061227617,132.26849861824803,7.3746339161798895,0.1487926977288988,17.05882954017274,64.65853317466761,6.897294984203234,wheat
0.9819232386294505,29.79565064144134,236.31273025335244,6.45798046807735,0.08129313075091862,18.220374737972147,50.26104980454446,0.0,wheat
1.3856616549385619,20.06961223099484,240.6659897636614,6.348463664208895,0.22493954602108096,12.713576820949514,43.803286543753124,3.410410886303727,wheat
2.025463709332551,16.04548780132204,302.31467027515276,6.049782354374617,0.16526784933806987,21.376972744525464,81.75998248624937,5.563970534763748,wheat
0.9732970651597479,39.6142087903435,169.4128512328728,6.41182758445025,0.18327660981206476,17.326084471469166,47.30378373686284,2.261260794610493,wheat
1.3583703350248955,24.323093861187882,186.4436191515149,6.718136109465556,0.1423098893041873,28.5199529803183,58.93792585853955,0.0,wheat
1.2099461240324283,18.27643856471143,279.3563908829757,5.59474650202284,0.13959065985441868,15.673018488238446,70.26468548446897,3.542324247473263,wheat
1.2767658996756444,25.02963227088633,204.84039645488375,7.005466375485011,0.11826306612082832,24.65602003422342,55.70291530777409,0.0,wheat
1.0202198105804885,31.10495470553662,285.3643097036105,6.662729472313217,0.11558882476627835,19.323759306509874,62.56673085040652,3.1580754486973266,wheat
0.8573178563600014,25.969900867175113,275.4803474950653,6.027081107168253,0.11346055330851833,23.31782420114139,63.673035609352766,1.1589297999759243,wheat
1.014962843853075,19.216687912072032,237.33546786549408,6.857471469114285,0.11932038596433378,14.178880222871292,41.92015825697051,3.273648067062977,wheat
0.7726191254119474,23.358142227982707,203.76410702344936,6.23866289632876,0.12093444614778887,29.381760455957096,58.46579898480239,1.4086685467486295,wheat
0.6843199424724342,25.073430449987562,271.1516509166149,6.9644256280278745,0.16080839375339817,23.38299088918757,39.360702291004046,1.9101004783007542,wheat
1.3837037942025499,26.32606915281005,197.8115601852251,6.561980792585327,0.13280543747987844,27.35646508398373,67.06286562147447,3.2926366411459234,wheat
1.3386778969396418,15.848311799249462,170.4568082960752,6.544887207248,0.1564554184076531,22.976767117408183,61.73315122379923,0.0,wheat
0.6884211852227702,28.71930295920989,218.44127072225834,5.811787272621396,0.15087585991759317,22.29018080670466,90.41757129409292,4.500000894663218,wheat
1.321344063620669,21.093342637698818,230.45329786616037,6.53840869751362,0.06964211498124576,25.637610598602766,58.29829020992824,0.0,wheat
0.9775668712027359,17.02754896535425,264.14005822011984,6.573566885939045,0.17205923990982716,13.042402031507697,42.090566602118614,4.134189053448921,wheat
0.970672527038907,15.648205650276115,196.29978688025437,6.144105436692846,0.13887647465521552,26.590838055784207,35.956969226423844,1.4184470116130687,wheat
1.204985357909949,22.49316180744363,257.49650063475485,6.671908263688534,0.09970688250546418,15.440532395297188,33.10348874367591,1.2577761551229218,wheat
1.2050434562374785,27.530349286533877,203.00038998067143,7.994222564553535,0.11732321448790245,18.58328120296219,59.567143142579454,0.05888209072031869,wheat
1.2731178144693307,9.61541887009034,250.42423341600093,6.640007193555727,0.1273699773890802,21.774043789999975,39.71492717087845,0.20275721236223898,wheat
1.7482487195810719,24.967585482873417,193.1231523900272,6.852648332740708,0.13426988152458152,30.772422316778663,68.32421063040366,2.822337387955244,wheat
1.0427851652662423,32.702139490819846,215.43031065498838,6.077692846618942,0.0772913729927901,16.688017309759534,50.63097706999546,3.530802966232635,wheat
1.5196148983156308,28.90641870211242,226.88395127433367,7.098895518025148,0.19907604515429078,25.55144710260338,74.2345908944354,0.0,wheat
0.9403703672737159,17.493310265930706,99.53345906148341,6.644206963608938,0.1687357147484133,18.32341560561668,57.345306770607294,0.2918916064606163,wheat
1.027895324297763,23.711859055109613,166.19009026540732,7.304419818656589,0.052843428239149004,22.61117044043151,49.102218727562466,4.978289490091505,wheat
1.4666457821752916,9.495045152068194,110.99215268580116,5.999186153647768,0.10242207678344817,20.054965296703994,55.36294490037121,3.3471920362283445,wheat
0.7219032504228975,11.19672008618743,231.36076583522544,6.383411393268936,0.116381933368708,17.790850767786985,52.92149482954353,4.9730138072393775,wheat
0.6318553967033936,14.646817309602463,248.87207211333487,7.5404446599597215,0.11280228824365776,14.68642071250921,30.986560657507958,2.5210848934875356,wheat
0.7627260225268839,35.053473553827516,325.37215911573713,6.735780775928254,0.136991159555898,20.410436287743916,68.70154793493313,1.993859044543731,wheat
1.2221748634115095,30.16241957382609,248.17821338925708,7.878588770350245,0.06271096554324557,18.22208790960468,44.1531278187055,3.6835583386516815,wheat
1.0272433765539888,25.61399192673268,167.3955420644514,6.543395343779298,0.2003948403913599,29.191841107296305,32.457616792951015,2.7291729284938393,wheat
1.4892235223199435,19.039555565636434,170.39288628999194,6.997192682689353,0.12352889005239884,23.762704342978648,53.10338277810944,6.662330364973686,wheat
0.8801556216535656,19.024007575887698,243.16984555168398,7.039045058194873,0.07174502292302938,27.486563568850876,37.502578662171416,2.012799200092309,wheat
1.0925406793000227,17.754251134349218,270.99626933292643,5.191768329436174,0.09442260156930127,16.486180745282073,65.49876888175999,5.100842632027154,wheat
1.4714140707406835,30.371710133057015,119.89506020293955,6.698160070214354,0.07159383113412149,19.12517306188264,57.936059783666344,2.18924920264565,wheat
1.6815138288710885,10.128187958025254,182.39185976046647,5.711622008779037,0.06264232210231765,26.028897190678116,57.189026056566604,5.113227568887131,wheat
1.6148222181821552,22.40890148161173,176.36726285083373,7.195075075860686,0.09579389270419313,15.002880922868712,41.19507868406953,2.2437142249348088,wheat
1.6429354462579346,22.315652901869655,275.09928395308845,6.65480524050954,0.10507429315992668,34.60586869522416,76.85253435898875,2.393813959542943,wheat
0.9087318450095287,12.345823289843068,238.0610933938479,6.446692963374506,0.1363450284143365,22.615206105194748,60.23531417730774,4.284455228835153,wheat
1.309976956386384,17.65933580292453,185.32531480066774,6.949876119021236,0.08248605659699479,24.591710977856387,63.570320928623964,1.9122330216875385,wheat
0.9265018531774678,11.341967616907473,169.42157669591168,5.624442005058014,0.12093348823179297,18.788562314205677,43.95206155563697,3.7452109418165476,wheat
1.245264759908746,22.285521571393087,245.11525512170257,7.221871467684134,0.06390116043698316,24.533399232787204,33.29275840834545,0.41123291792523453,wheat
1.5542509524981385,26.1473349968536,249.91334031965417,6.709250943366462,0.16945417946931046,13.295996077344817,51.338136240221175,2.094698103203593,wheat
1.9123498053483718,28.159299437051608,266.72924482068385,6.143192690929761,0.19873815439163126,23.359041796677232,42.92890685055076,6.690718594173996,wheat
0.7005821269471029,16.78780148747662,209.46995159129426,6.011748157330629,0.13845239186993558,22.38381342983657,56.36209980162792,5.787613663380875,wheat
0.6281107914204229,30.198314609601965,182.89066766911952,7.477298341791489,0.18668248976152374,32.50776519378649,52.71382860135544,0.0,wheat
1.3147741343293728,21.67978859002933,140.67177765724009,7.041326993078438,0.08770627107099152,28.210044121206955,66.5819631560779,1.4373252159132943,wheat
1.2126575266893183,20.54459656445304,199.41730142314577,8.458986394194826,0.08723310915632074,21.276687942513647,66.89765884596183,1.231321870990949,wheat
0.9800100242472404,14.025393715539312,273.6415899737894,7.027201796961421,0.13644767648627934,13.456020623527314,61.042994064145645,2.570608814425024,wheat
1.081677678436732,13.739555224156126,217.4492826283014,6.077494757171712,0.12280121714465818,21.316700316648795,50.94210083426689,3.764046926471765,wheat
1.176882305344479,25.174521736561502,238.82810492970646,7.204903887914243,0.0862579106496785,19.27347576767659,66.06393409166117,2.3070656713503794,wheat
1.5940318384874435,26.47145677520004,199.9893965183358,7.1283065641661825,0.11098799917734042,25.7830224761841,77.24517315777284,4.183189013822906,wheat
2.001325321112605,12.69050838934557,195.32313218234242,6.440193247424776,0.10598983104984869,22.862240197635693,50.582697485437635,4.212214849530068,wheat
1.54466616971831,24.48084046665751,174.45040205831845,6.928424267475457,0.14360015054806333,22.769427151342402,55.360085101707554,4.800669746068632,wheat
1.0080667267556256,19.799815168703237,250.01751375225575,6.9184747788450425,0.1498409133855576,19.579946112421737,39.22352707718967,0.0,wheat
1.0485645497182126,26.754550995294142,255.65188824210333,5.510453265135705,0.13868635201420262,20.56386714800794,42.49472955507027,6.381550062781285,wheat
1.2923852602243744,26.964491353932573,335.53864461719013,6.251328357671712,0.10611234323482625,28.445078295645054,39.30794830383637,2.1479313925827004,wheat
1.2161752803674377,27.821086226082606,238.24259017650593,6.052092079394152,0.15402862142446233,25.22574706217833,42.38795084545082,0.6243936116150361,wheat
1.0159673761172687,15.103959531565355,267.9100061253271,6.40569432525372,0.11027594356525729,15.811221344846107,50.26553372729595,4.969903259547648,wheat
1.4619008899627364,12.295616752410655,175.46317213214078,6.9813606091759395,0.10256572641320454,18.23380220404179,44.6740941601786,0.0,wheat
1.233351280503078,19.718368549032654,271.3170041619862,6.559975235919114,0.0862190101690888,24.469027505481392,71.15376779341628,0.5285261714031282,wheat
0.6040984334676176,19.12620371206478,159.25405839296425,7.5849706638552,0.07142894037943448,19.361525709451108,72.6822598054146,3.742425055642477,wheat
1.020218530786097,17.30161572894036,211.83265438449388,6.455906878470641,0.17237394938569764,20.226673228405257,38.80036200309587,3.971545973222554,wheat
1.5627865122632816,20.63922383076555,254.7456265520911,6.630747938631987,0.07776205842257394,20.59462680736527,41.26386452245477,0.7316898493406663,wheat
0.871385788214678,23.997069239040734,228.39176653964793,5.808192385260927,0.08780507421665332,20.98653975876755,60.57241508759692,2.144482314876915,wheat
0.427621916820364,29.721429707869802,299.75402602014196,7.550275611871878,0.13904363824711674,24.35992943170851,47.14969193402426,2.37715733671806,wheat
0.8042798320447906,22.730562080279377,155.6638186362976,6.951121061207147,0.1075905410220865,24.835344238749787,57.1908851133631,1.0808813075610164,wheat
1.4951640908011041,14.959571795949067,208.08164206732758,6.277473444627237,0.14603903473911972,20.622423671525155,58.24022495422724,3.050942051768794,wheat
0.3788595830095899,16.442091083705655,225.2168482142709,7.207485539742507,0.14004057165373976,27.553830840299366,52.34051353587166,2.201360905971365,wheat
1.0250703501385938,19.38596647822045,182.63034166966722,6.274031643940826,0.11333361224546849,17.742229702001588,55.31889876201386,0.0,wheat
1.3497768299607895,23.06474104726314,240.08029532750786,6.32190183990008,0.10221231021042358,25.911804689251742,53.14595525573418,5.97309876708448,wheat
0.7078588085883135,20.515811045616893,169.26818918966566,6.127953250493605,0.09235029349085533,18.596338611051948,64.39410533065377,0.0,wheat
1.4135041095807679,13.354673469698728,201.7513447701779,7.391885621190272,0.1361714976207167,22.361401677460844,62.561271137475195,3.1519500296759726,wheat
1.4198019751558673,30.42197821600696,173.26955369109453,6.557556459149785,0.14230441058294313,24.748211426490258,61.69669492788386,4.61307315884131,wheat
1.0246516640890617,13.90167883066775,277.2574113213683,6.5995181751096865,0.10079597598581336,21.178797993975056,49.812685492519144,4.012415951572638,wheat
1.5115582955265137,23.87039708092894,244.3391314810251,6.619564575144199,0.1559278134335788,9.183402053490598,40.98165854526543,1.9201389374661435,wheat
1.055282914049757,16.296906704928542,247.89858516051692,6.012969790434145,0.12760764444275596,21.62144854948215,55.69236359217488,0.34163040473860784,wheat
1.1323920458981176,29.361621645668162,244.45855051320282,7.177703228387599,0.1171971306351177,12.488584493448538,49.40238189541398,1.6986441195468156,wheat
1.6555278567459213,28.81572323915701,239.11803194980604,6.086083409339766,0.12449565251937728,19.691342535693245,52.07790091509472,0.0,wheat
1.362366628477659,21.820943432957986,256.1971818600107,5.723024179264258,0.08055563900516191,39.23136179555293,44.439398454320056,2.575165562326365,wheat
1.3532142904742628,16.10688677186766,297.7423198073294,6.560627930998656,0.12523180142348592,30.09193167490011,45.50774892060693,1.024718044412671,wheat
1.079070520514031,13.764121488064752,232.4127760817803,6.883832350563315,0.1264161985682728,24.279151759011338,65.38784892848736,2.6774056150215833,wheat
1.1154956196338897,29.322499868941044,188.65012579801495,7.43781452583123,0.11324652696468396,24.824013835074165,76.91862372428065,0.0,wheat
1.1327088673872212,19.576309830889556,296.83239358926244,6.355906557893203,0.21551568256499412,13.360485481968801,59.19406657539191,1.2273962608206221,wheat
1.3767816166922326,18.609137824783474,199.7035648105565,5.506303177550236,0.12378607849947106,13.510389913574766,39.28397258851581,2.173740154594616,wheat
1.1575277941284476,28.16253959935822,159.10916796390944,6.852607217149768,0.1312875050273723,19.488144090736977,45.35637455427201,1.8418151790740684,wheat
1.5093950670414018,19.75746554333402,258.1282757168166,6.435715098992793,0.18036784487376367,21.13401750386926,52.893491452793796,0.0,wheat
0.7004968733627783,24.28774157964438,209.76475739456268,6.768765964965473,0.09603753356911232,20.2478090864028,47.515662393794535,2.59039722482157,wheat
1.1236425708833369,33.187909585942045,189.03652793132557,7.271285856084636,0.08309274643459932,18.673339113147964,44.901473556292,4.519274463725694,wheat
1.3529462992354837,22.823039002594115,230.5504732876733,5.949378989001122,0.16910195511069687,27.94764441195659,54.588402696896544,2.0265213522137353,wheat
1.4271974428064669,20.948474220520502,210.99205722603065,6.304317318034475,0.10789382448376351,18.619699355330553,63.75823561741875,1.3434064346026164,wheat
1.0500724179903407,18.23906556473617,152.52264811498188,7.536109042255607,0.13780086140156725,25.332503798028963,48.64122999240188,4.91440115340183,wheat
1.2508209819033838,30.715818930219577,219.3981936021349,6.5732011597074855,0.10152159164255246,21.38743461021815,57.69980916592662,4.985392943868941,wheat
1.7388995208269062,22.539681052277597,274.856729305993,4.969409185090978,0.10353976536575456,22.24855701482401,65.64545966475318,2.8462018306556676,wheat
1.1803813908315335,19.231014159515432,184.01054358124085,7.741176253691353,0.1592779023048182,27.538885735944874,55.12726988829672,0.93106131851641,wheat
1.3941429629634412,21.85227130628067,214.23650678120168,6.585086228178247,0.09784670565640415,16.642923027141137,52.09114527380373,0.0,wheat
1.4093874183109083,27.03130452884806,185.37074569408423,5.503542038106356,0.13377528345568016,22.19216229443816,55.24608444715831,0.0,wheat
0.5287908384944554,32.26935618390976,210.26164177629397,6.902639490479621,0.1175237576052783,23.067700526141284,39.66080827961722,1.108581146532616,wheat
0.7256229189501054,15.477082584359803,188.09410268364016,5.516070305031669,0.10385802382057593,17.445555536826042,40.76542120783081,1.7343217936194022,wheat
1.196030760780011,16.978158903167976,310.53871702103504,7.030924448209754,0.1592579800871831,19.358083394847842,65.72319307672659,3.5311502787326483,wheat
0.843522542720097,17.90674040948017,351.1850042137384,6.353269391187843,0.13704014201101827,19.92699189956201,64.97676617681199,0.010829375688087062,wheat
0.8481476612788431,28.806043661436128,228.9339593471996,5.113427474136445,0.12081950227065769,20.090161467022295,63.528018806549504,2.642108212957626,wheat
1.3197688506930614,22.52478694908978,233.071093892152,5.908425872562566,0.0914785097545691,16.73844783307595,38.9060855065971,3.5765077762158963,wheat
1.5771543749137307,25.683972471808893,192.94456409735204,6.277723138328229,0.10460438933898437,26.56449126611748,61.3195339919141,5.477820513575594,wheat
0.8606478200056855,20.646183793672833,163.2694047333971,5.749654931354439,0.114565905639786,19.321470056394443,48.84619617107625,0.0,wheat
1.268869427086352,20.296782148034062,261.1689479125751,6.930301512673882,0.07408904040482203,22.978459379533483,47.81358121806817,5.065011412936087,wheat
1.1896440579386116,18.978919407322884,201.70564760895002,5.699461687147432,0.16460598465230947,31.596774295163144,34.24243732854681,1.496414073089646,wheat
1.1613583664315514,18.434338066672165,274.78914630878455,7.348463463045844,0.11141297482920165,31.35641099322769,55.39324963479244,1.5161917217524472,wheat
1.2979312668321763,17.523802605946223,285.39098280549416,6.969981749411569,0.10757689055083237,20.07240647275583,44.106734316245024,2.525018694961224,wheat
0.7472267161050047,22.019019667836492,196.72575634389304,6.940233507114469,0.15648989006570121,24.934690460480383,53.52915308257644,0.5807524322954467,wheat
1.095118257936732,21.900203015339187,241.95634238511917,6.259095161737114,0.08614522590833606,21.867133369783165,71.30562648993251,5.7446492053731415,wheat
1.4776199236995358,16.058416596249472,283.386688185665,6.092603877530593,0.09302998198777775,23.138053551575997,38.43609667320795,3.6033603717140164,wheat
1.1812297728596923,24.39473721759832,182.9456882281049,7.107856414935652,0.137959326552832,19.183358004037565,66.34337535265752,0.0,wheat
1.3268090290826944,21.35477399997414,184.22505059381348,6.706325659641026,0.13749302709342442,17.31518808318468,53.56568193973661,1.917160181757089,wheat
1.3375120543476613,29.360647702308952,199.12225438989452,7.390150724027811,0.0743522317358038,22.503885485892834,34.364695508783136,2.1435540332566143,wheat
1.4527889966798981,34.1378155208408,222.2210514272689,6.151011097871038,0.15592735892698678,21.20578618411144,56.18005432159852,3.8340356070198816,wheat
1.5824625496935105,11.607225632767355,222.31974950105868,6.590162572972324,0.08256505059421837,12.880501484613385,54.197845706925115,1.0725356591259685,wheat
0.9463556676792525,21.17579018448005,204.20391172894938,6.610557255159882,0.17518768575733207,20.849355007188464,77.56444325672939,4.488197338698523,wheat
1.5386540397718702,17.628974097180283,206.79541879678845,6.048165202323755,0.13455562194208143,20.664694140207953,60.300377712433914,2.605048953082832,wheat
1.2587464386784601,19.858546358742206,176.2153778180787,6.3349888719558445,0.14508156710251455,20.180587613218137,54.279701989115885,3.735621999488477,wheat
1.3706517151959927,13.151152955983383,216.38141724580012,6.077223242885881,0.11810358946148224,22.951355733692996,61.112978063826446,5.3275691925535735,wheat
1.0247140901037997,20.230338617764005,245.83125966763882,7.177191632375533,0.08390015401172968,24.433585734314345,62.985747459288,1.6992866908663262,wheat
1.1016143435034405,26.39588707074995,239.22265248637967,6.840421795580583,0.09438724207129909,12.388483761085764,53.87196152718263,1.4578022332413116,wheat
1.3603518711247347,17.412922166996974,248.56136505146287,6.845765447937736,0.09409547683759513,25.725144720889528,50.885002106847736,0.6070616558490809,wheat
1.2878034944200047,21.91172343500809,179.27259766697605,6.9720835472632965,0.11967958508427182,17.20893358225452,33.952409811774,2.8528347579195112,wheat
1.234658330835503,22.716296748044755,281.9571014154,5.105631100665815,0.16442225603706775,27.818994805876773,43.239089240159856,4.029349453770315,wheat
0.9158139614817352,15.744965145289818,215.43720037900175,7.696590766512797,0.13265835960067698,21.24925703702813,65.62813945840368,0.7550045992596615,wheat
1.7241300980573484,31.423723573781206,239.3144670493919,6.127039563616995,0.1575205416384665,22.473460166387913,62.72397141443793,4.273134017375451,wheat
1.3527521688308994,16.58477480139894,287.0644564509385,6.7675637300207905,0.131345511020408,24.07547516193243,58.74079588026558,3.4958966565786147,wheat
1.2691105365561164,20.934463227336593,195.24176120904957,6.29320479801776,0.10991413045689018,25.947194985829896,50.95728391078971,1.7778458195407607,wheat
1.1646282512245572,25.203205876940707,249.2041465013238,7.7846674219664065,0.071242783339421,19.86025181890858,61.876272758190574,0.0,wheat
1.8094691652838144,21.303349610309724,184.2700929275878,7.182452789156233,0.043069733712852665,22.061198820170475,43.102013302295454,1.970178883012786,wheat
1.3309202377222558,26.755192701793643,238.50974976201164,7.851833520941239,0.12216920058704407,19.290361876250497,69.71342050636039,1.8693925469778363,wheat
1.346375033248809,0.0,240.3959421722055,6.555139338063389,0.10477847224477121,17.71826918024482,65.83781645660666,0.0,wheat
2.3022074920707647,28.92472444986757,236.64111229638127,7.740224482839352,0.1296129434566518,16.52515761978909,67.3249680422704,0.0,wheat
1.4100229011457612,29.188605791624774,244.07346382428616,5.729276889214742,0.12717913587999827,20.384561701673555,46.093467066604795,0.0,wheat
0.7850753028863955,18.995596902799992,270.6499065367499,8.251892946232013,0.1499876341992234,17.05870533544288,49.94754975753973,4.164373994735664,wheat
1.4148267039625728,24.345502758249967,230.7141546490095,7.319575204631414,0.19825807003049012,21.04801200611571,56.90535732106003,3.00883859191527,wheat
1.0382449776543836,8.84423190356841,242.217880141099,6.159852551918438,0.16608110895871037,21.912138900665518,72.96909068275205,0.28488223240949573,wheat
1.5959167836387453,12.2102138321719,262.19496242194776,6.457652457192245,0.15281010678998871,19.20943189352517,63.189579163854816,3.0052684667032903,wheat
1.3341042594389925,24.656073910314593,295.61961529716575,6.263220908656306,0.1691194257092301,19.229408079480912,69.48339277624486,6.679440296961042,wheat
0.9205873546700616,9.06380314597364,227.36765952538343,6.184986278928107,0.10157317534363838,19.35368235771589,48.594538033416626,4.862007479479203,wheat
1.5938871735088356,28.954615410657446,324.04607853179255,6.137537104755029,0.03261264901637123,31.117744562775414,58.005675014473105,1.888633068211677,wheat
0.5689798325597468,13.889826511740132,251.13563479227741,6.514114456898636,0.0446495368100326,16.297597934013673,67.58957979128789,4.5573430227069025,wheat
1.2749550013808424,39.00398186342345,266.2026184306165,7.686159066128404,0.16666527767964737,25.156191539289342,38.92957942221706,0.0,wheat
0.9405276218523443,23.550142776911713,220.0486434756404,6.824822668082601,0.11930007356555376,23.38880702223006,66.85058553627411,2.0158993851351816,wheat
1.0992052447974279,6.272237464649606,259.2497547805244,6.135997874444717,0.08818000723691452,25.33843690292499,66.02130591199285,3.359931582589236,wheat
1.5335525974644137,15.435634874938703,209.68611246457527,6.269994365215485,0.18054460505682454,25.3190172819459,52.07270149138202,3.6829108607586374,wheat
1.3311465995546574,21.295377876378932,241.00965379803654,7.110351046410226,0.11502468690671541,14.747553649352081,59.25499130674666,1.4718800011658115,wheat
0.7991270801434416,17.390662318478817,208.77438230982534,6.61629890345267,0.13965909235838403,19.937613733896164,60.39888475585498,1.2532563991485863,wheat
1.3909809347330135,24.41843189683273,245.61268432924786,7.462287550091493,0.11010075353154224,13.033698922261934,54.065528677193214,3.618862849338291,wheat
1.2087286863750892,23.908691278096562,142.48039271167025,6.099514148687371,0.1388551026689662,24.888926654259443,45.99488003929793,2.7340218647912113,wheat
0.9511476933054892,15.085331185974766,223.19539171258492,6.7302194401524575,0.13387361078065824,24.650225047633654,75.12537760528588,3.897499505580138,wheat
1.0737029605073871,27.638132894804258,153.96171111303698,6.660415456878688,0.15687174554478908,24.39580970760249,64.93888986473623,5.820078752673481,wheat
0.9407401595431726,26.768663009281106,215.79980649594498,7.268800011529777,0.12411668134635814,24.910406889006012,73.5612340974371,3.2618309892068797,wheat
1.126564456051815,19.793938007297776,188.76836662014338,7.222868541479391,0.16593105852759749,19.778432540591453,33.28758508224471,0.7329716959913901,wheat
1.351895880537717,16.31930488760284,131.8677101698763,6.33334390589686,0.048593389316109056,22.62721098794678,50.18710621324343,2.120534405994319,wheat
1.6538298296788208,16.552385415627704,123.34436014860503,6.582982556995031,0.13641370302181405,13.852282882810648,50.57849964490578,1.3056055735340193,wheat
1.209736927026877,18.30702773937614,339.8558347797077,6.442532006969776,0.12652834227107992,18.57624129015569,23.282724310395473,4.761807504600141,wheat
0.09512009990691817,30.140911171587042,160.5357730168493,5.784647016763946,0.11618852290631294,31.97951500614351,58.835233808652625,1.6174829761793075,wheat
0.9312935876587028,25.90433874000692,203.34594652138182,7.028282309864074,0.051278308084256374,23.64220970870228,58.81589929430051,0.0,wheat
0.8385778377573287,21.11574280606535,198.10708403564684,6.77401571452353,0.0697862499062552,16.57717896306054,80.36807107758338,0.31524642571176775,wheat
1.0508624960110247,20.937543819373467,207.46800112497255,7.324139651301407,0.09997398140212005,25.27464643564795,44.7345717474976,3.5461569835126427,wheat
1.1250727115318395,20.951428682173,216.0121458558077,6.930148485140986,0.07822880772427698,16.147746702685872,79.44671083027899,3.0129833713905207,wheat
1.073691432509885,25.852532632308396,217.29382032386104,5.249156921357863,0.12564654977610717,20.390627635905588,59.18961452555784,0.450545258957076,wheat
1.122842042359677,28.85275202194498,213.21199553821143,6.342622016365056,0.132776870890904,19.02916728615072,67.81432111931697,1.650989317774109,wheat
1.327179823686131,17.775238995313345,163.84910420660873,7.031584826041715,0.12916977101547858,24.187190986651803,63.84017782514974,0.0,wheat
1.241924896245091,9.965089623183557,243.37121791905827,5.94862267950606,0.13635572892163428,24.62977256496949,48.52640961831249,1.9539059470123565,wheat
1.62781065859549,12.076613802552588,248.96350559134567,6.6710259776747725,0.15318508740757728,12.740544207929478,55.042438157789356,4.208392854021875,wheat
1.6757075040249245,17.384474622969343,207.4208716081151,7.704847439020353,0.07030653500338396,20.77126021823665,57.129099801101766,2.349859108050696,wheat
0.8730138154042935,27.78682178956073,259.9839988001968,7.689683326419074,0.09224612435808749,18.591529775584785,68.15912243044201,5.63065729897365,wheat
1.19650904513277,12.831842328965235,210.27636750102766,7.178828445515339,0.1437335535980745,26.564729859252367,78.09911602892718,1.1373631741118957,wheat
0.6834464575597168,12.783753001376184,194.47479960433162,7.111446863217431,0.16045136496063053,20.0938554823493,50.17678608860893,1.2342288039606792,barley
1.4292356402256907,15.427959572190254,195.27820576395217,6.453565074525307,0.09904937462452867,28.041088929498365,39.29633797742277,6.410545242801364,barley
0.7706436922396935,15.077068442917877,170.2608560299497,6.88923729862532,0.09950715357852123,24.606105146764698,40.11601963149584,0.0,barley
0.8701729826988571,21.6786426805336,133.8610469851631,6.436092763240202,0.11874534813176377,14.966711612516946,40.11223308248438,0.0,barley
0.9497913898389214,22.737958953465668,323.6400042808592,7.199127346867887,0.05584028809464021,11.316012678014397,48.676647472007645,4.643975007458705,barley
1.2299981579673067,16.83606463438624,245.0737972469115,7.3264111691871046,0.15116091463958378,13.667927951022197,55.24903467545998,0.0,barley
0.7180880189509793,12.328378165670387,188.21213442982562,5.6383937174366014,0.12712236451974784,18.938380092090913,39.62645549306373,2.470875907565506,barley
1.5357612181476035,22.07231161132286,173.7352892684785,6.329687361315392,0.09635581182240444,15.492328107729213,29.45925198345388,0.7430034832749545,barley
1.4349523045106451,15.036558739073929,113.13490377479292,6.446730868473257,0.13859825158503716,10.387857279842558,52.28044354462119,2.322891341326169,barley
1.1878997298510012,23.342571353471115,227.36621827224,5.549635568213716,0.12156205125059064,25.88756755760599,47.34015276192417,2.242839499172243,barley
0.6449543905581696,27.817879214039554,172.17286386740815,7.489690233469979,0.08670201228717148,22.388826847484452,43.59897888620874,5.255505704445591,barley
0.3097529109634539,22.21591086521574,106.42488743345783,5.777134204412478,0.1662197715039186,23.540105762254626,25.87350830904427,1.4879390003570072,barley
0.7831158777612149,23.418778619784646,283.2683281631379,6.892336413387265,0.11521283989298362,21.540206004962084,36.889880721413284,2.9022697093310623,barley
1.3223835575860146,16.32586270929571,171.08823359931566,7.369988274134936,0.10731931095440865,13.313410169211753,44.910979017761804,0.5849634109861636,barley
0.9774202145481843,19.563718052930742,188.78256247316145,7.504361792487088,0.12912982721747615,26.41494996794225,29.664170276319034,1.7222802969815711,barley
1.4111718706404255,24.35247208737481,169.42934700953754,6.046421641547073,0.13360065875439292,17.93742872839963,57.77962098747556,1.8132290461222786,barley
0.9588263583188803,20.722878087178234,162.66790364940294,7.520709803425988,0.11918629568577055,25.99668823031773,43.64963700305689,0.4189285143227024,barley
0.8882646690779432,14.830454027824203,230.51689734204913,6.927504024090672,0.08204031137666376,17.4016783688832,54.51922684963404,0.0,barley
0.8567351420126028,29.362925148006372,166.40406613789594,6.189906618856105,0.18766555465865853,8.368140021524717,35.78750508466078,5.094604757463246,barley
0.856658218144401,22.998979680906945,295.384571379416,6.069777857475037,0.07929727292917806,21.053931997563513,49.09012432656311,0.45014508829409117,barley
0.9533366938018207,12.03123373740834,220.9575683923294,7.000696564381944,0.09434920511766837,17.880936300001203,56.585400124531176,0.42352673328865653,barley
0.8921542779327092,19.589997853266325,266.24052139675706,6.4704677399993535,0.09601953109441382,18.17926113990775,45.394465940579586,0.0,barley
0.6783103434442426,25.162107108260127,174.3902743767249,6.555410862553079,0.08333057175421556,12.360429881969917,44.422975064496065,4.293879382031804,barley
0.8548964047947221,15.941759937257217,180.74551469985985,6.2992185702722026,0.10799782992294146,16.94175485381809,48.82883099234692,0.5181662156866536,barley
1.125125345092664,21.86755328731207,209.5257915845662,6.879876504742297,0.09652626935020964,25.064733769349946,55.59430858675151,4.475670806267761,barley
0.9721010116109523,21.63275375734213,169.30185421663919,6.5093764487483385,0.12863097361025924,17.172513511455968,67.90610909746081,1.5513459253857191,barley
1.5541117586020685,13.707181137200799,187.54120943057558,6.202183946066446,0.13537210683982137,22.21051489973439,49.08302917983773,0.5884042910454335,barley
0.990606946187501,24.347517740822006,237.6083345534106,6.464229615828148,0.08435227133001957,19.510336630978628,51.551259114494215,2.0050779303386994,barley
0.8412768339150118,30.442833035757292,171.70430989149474,7.407482626564519,0.14877822702353807,23.735566216508623,72.48876175850259,2.611674152231874,barley
0.8891599028013388,16.8615702733534,169.80154382945938,7.0024071562108645,0.04817891029803423,11.888222010206444,68.38971856370406,3.5257625911926294,barley
1.1450158116902094,25.540097833347033,234.84318730747668,6.3878782471078255,0.04859770444617244,25.415449642426687,55.35434679098893,0.0,barley
1.049803695429858,17.187670702559306,194.80877155659996,6.303217566876993,0.11929230134751526,17.957924779126063,36.14055662775104,2.846018952114788,barley
1.170030214411569,11.445320094293908,218.41084709745596,7.032575804507933,0.09466255088968267,19.9383940108666,40.82804193253671,0.0,barley
1.1826407429293562,19.472684520009565,219.33211926848662,6.359132585612321,0.0908875246482165,19.811475857698586,49.24014604897599,3.232558304996836,barley
0.8516387234247897,11.333615618262293,206.48508525576636,5.7180780309557,0.02,13.516100792306407,44.73693795596638,0.0,barley
0.46216583859290195,18.652127900685553,254.74096358617626,6.997650588621813,0.10028825853509722,23.605600062229918,44.715279959371635,0.0,barley
1.2374609624934028,13.498532208916462,215.0305127009762,6.48459707352245,0.0873038423918865,16.709701456723806,63.64662701085558,0.0,barley
1.094149092215595,18.268585332876583,166.63604738273355,6.5233661697760335,0.11105311593318402,18.70027765510898,52.94045347414134,4.329681212218617,barley
0.7896861247795386,22.50769813338607,121.76310868785492,6.774172479844555,0.034657085340866894,22.156809660897878,44.297902644492964,1.8282612161009921,barley
0.4905804504413357,20.144138713429555,237.08058594478322,6.871908565084817,0.09939624722612544,18.967637008396263,63.74525119802253,2.9719806394201385,barley
0.7813332917420983,16.521020873259808,169.40601845216415,6.478610505267479,0.05937660022065172,8.208140897128525,47.38031317157212,2.00576398315899,barley
1.0652488420369945,26.50994153679246,141.83733772983672,6.192106422012285,0.04951509172198398,20.229148510342682,48.74500490052889,0.5383518378904627,barley
1.0145046990554294,15.758674448213974,154.00870153493244,7.4483047204211665,0.12836209004337157,18.079182081235658,31.50268456066857,1.0714117901181164,barley
1.200987909742988,21.0193053935405,245.4114407918386,7.236126963402347,0.09704080994557435,16.659579250715836,44.06728136710977,0.6730516120300478,barley
1.316592372563385,17.4551093082016,124.36496629097951,6.778979763437834,0.0965373746789419,16.664055005161384,26.437906513177335,3.8401050204660225,barley
1.2437227033034468,13.178707092900463,206.82981169670938,5.84976094662208,0.052378893969660605,8.506477672624545,59.3520105892092,3.259832480010653,barley
0.8915560105670275,19.640956555113217,278.9720668051506,6.046762614339681,0.05853365021114371,19.637720805926847,56.593992805506446,0.9062304196496693,barley
0.5008701298056933,15.396726037009511,230.82525771066562,6.9288516687264785,0.04152585921591774,12.886968174352205,38.17819299393534,1.449106364273771,barley
1.7723864028085976,18.285070082918264,202.79472692948912,6.021712859882495,0.19048602222228025,15.990387214039144,43.85902004397735,1.8124367273058128,barley
0.5364724834119486,24.852586778536303,199.62515151866847,5.994367793271237,0.07914671322495377,9.529820831470575,43.33334187510945,0.0,barley
0.842337697523994,17.026556661503278,173.49588288784219,6.150289148043144,0.0705307337352704,25.170159400638447,67.27077771363702,1.1608792979594282,barley
1.4002854569434942,18.161004927173234,186.3905326578313,6.002732146882954,0.12441135658292204,22.09031786575289,34.51433732268572,1.81995620075431,barley
0.8190414567774748,14.588471696683614,198.8436300551219,5.348696350697787,0.08481211031798144,28.447580061557147,55.22807993697659,0.0,barley
1.193679794638487,20.53169328636508,185.56349840470457,6.148539599944283,0.10002410331637639,16.038013038664957,47.921623349120686,2.979003933189629,barley
1.2855000073542686,12.221219099393437,178.92245303795633,7.46414601778835,0.16287904622263216,20.848838533015112,69.31488902501536,3.9163724982962256,barley
0.9538039922923285,8.022231058634432,197.2473053731072,5.730687962533664,0.10477311468662326,27.73098204652355,52.98445858786431,0.0,barley
0.5907331499305724,8.222281485629,114.2289285461632,7.476059950437676,0.12995852475077607,18.344808187245206,48.164385292984576,1.3960603270673526,barley
0.9958941395275142,28.352700218980186,217.55555738916442,5.310536818573147,0.13712325277575171,9.35092139157557,45.12567657424914,0.0,barley
1.0141255786412073,12.45716467572618,137.99949868919845,5.872081494212266,0.12848341582850054,18.07137426531543,58.006271498890925,4.220598655848362,barley
1.0834203710978323,23.420616790063157,156.3731227577814,6.449263380102669,0.059790451137661745,21.769100140542463,60.87464307702481,3.4316706293316557,barley
0.9901188924212986,25.372727043793947,193.46007348626426,6.1631139364587435,0.11757193070989402,22.62979322601754,76.44394333602139,2.958262220418655,barley
0.6146722118234471,14.131313005565577,141.42314360558146,6.546424144521562,0.06151103107785217,25.8116412063569,46.50190778336673,2.783508619960692,barley
1.053092904197929,22.06292338408832,153.35707878820742,6.479906845487982,0.08504212696817584,18.493575231186945,51.49626667766237,2.8629469255892688,barley
0.8370549697770758,24.94163084849487,214.81551630951992,7.4832594275606334,0.02,15.78660194404539,65.10291945445917,0.0,barley
1.5196226027433455,20.4932412901796,108.09966581762944,6.935354459461042,0.06315992501193224,14.435949933749363,67.57575359710457,0.7262036839358926,barley
0.6642259457043549,32.047766722957576,241.8083733931668,6.299258675112698,0.07236811950721231,17.980200650294577,68.92750621626391,0.0,barley
0.5541426326511162,27.647300190184694,187.3045027158384,6.5602739014985,0.11837074830725376,17.049630379771454,20.911022163039604,1.0756623240082874,barley
1.4343661514611294,33.034687792520074,194.695876640008,6.482797918838563,0.14779129861993384,21.97850985971413,53.544998192527665,0.0,barley
0.8542773697453343,21.288516364206494,131.86809389265204,6.2803711268499285,0.15979801148126038,17.714250160815446,32.78767178830074,0.0,barley
0.9960493533217666,16.53365964555488,160.91673915072874,6.6365057414970705,0.10996818043217926,19.872901337713124,54.205882164222274,0.0,barley
0.7758243338868098,18.043034566039058,197.5779575650583,7.0937440692655205,0.07451326484455703,15.11214699812577,67.84861031634735,1.8169001270173122,barley
0.5106856353086302,18.134168361655192,144.371482948582,5.817821570341411,0.05330081379449695,15.02011884958063,74.71660345730302,3.520961374868206,barley
1.4835847150724806,26.525666177476538,193.9303583694873,6.742062914719626,0.10359869668601411,13.659628373921798,36.05082048443096,3.300700395414723,barley
0.5735619942210314,21.20556174143249,229.344603138478,6.95164188780664,0.1129242713687625,12.996363243998879,56.48476717056697,1.223470799462549,barley
0.6578570701714175,8.067477145914951,220.3043464581529,5.568533795102969,0.04024350941027798,27.739582929922147,35.58353932018676,0.6600441341036059,barley
1.0251278394706338,20.42131404357274,154.131149760121,6.0750047066846795,0.12819787178666112,17.606077792566378,49.72223696369238,0.0,barley
0.7992060453339541,25.144473673047038,167.1858787335034,5.929081917865114,0.11312162163205412,21.993290657266005,54.004882976725234,0.3672685208051296,barley
1.2623688977145784,29.77381578716193,252.64844259491002,5.562000205385289,0.20253232389195136,12.371987882035958,35.28901215016818,2.108789398412071,barley
0.9669739302082134,22.168102098495794,259.023894910787,7.058307478522819,0.06872826586260981,19.360336455086287,62.13449842091022,3.605823824502827,barley
1.393558861886682,24.90470028587903,231.85559524843984,6.19189069108835,0.05386377935870876,21.11197303878448,44.55165866793254,3.9890282127104033,barley
0.6946040395393989,17.71286672503067,180.73554808544878,7.080184478459371,0.12630057655755517,19.11410296670901,53.50422116042293,4.729525852704761,barley
0.3830680058386211,24.488219967167353,248.59890793149526,7.228564534901502,0.12808752390829037,15.130431564969488,43.53151795224659,2.8243575195762554,barley
0.7937456867059653,18.809948189158323,132.26377854209872,5.784532707234707,0.11213304269448424,16.869990376907015,40.895009428076406,1.1243870234516398,barley
1.1054868220803868,18.432506485004517,207.76603032456077,6.553088058656862,0.09119741886725155,18.943244392041713,39.352796034303694,0.49681095399310204,barley
0.3570248311952485,13.001424143733406,146.58269423901277,6.260669843851065,0.13956130666798236,18.954836347848744,51.80559140699858,0.0,barley
1.1004890477576128,30.174657713212326,196.0741513969943,6.005159614854111,0.059194385021249456,20.31451740755318,38.704306026923405,2.9267751744621124,barley
0.6456890403908844,10.063295640059994,221.59787188020186,5.7237781582099885,0.12121471058038258,24.18713967844816,42.886244802676536,1.9166095171941617,barley
1.487255327091561,17.21101922582086,271.9304271571469,6.302865576577048,0.0671801707151288,19.48772090925442,52.7015235558093,3.768728091933064,barley
1.3102451090225382,22.217142666051046,229.52826940642555,6.608527485169001,0.12772370334936897,16.406465089305883,37.024814978450806,1.9171141338930098,barley
1.9412048539584028,24.846081598531054,168.49928267852766,7.336346637576851,0.03474293126625046,17.740510281202962,54.76906808064501,0.1535258487411857,barley
0.792034681736702,18.98000600469301,175.5874244271862,6.029511446972238,0.0620522595763701,11.199714968087555,38.40306119215903,1.296898381249076,barley
1.352229924819389,16.019622407700606,145.47379603925864,7.463268017549808,0.059985991108259674,19.472961410825533,38.76345343154779,0.06215380242000346,barley
1.135297767009761,22.766944544630224,257.19553190566637,6.901256932646343,0.10539112439484874,22.12286093506692,37.637090984854545,3.921039239903332,barley
1.1864330550901674,22.93875299044305,226.93284937819087,5.612172967428014,0.060312405760402,19.66141789532082,51.73924181237912,2.650077531173478,barley
1.037302046823127,18.892925148405897,256.60032604100223,6.709742191410521,0.12613310577837206,24.976036513182592,65.1675276485877,2.1353785568662644,barley
1.2540223566783095,21.59602377711798,248.26354936731792,7.868374518699136,0.06342869442308462,15.236327593185402,69.00421153461639,1.8722603553105401,barley
0.8495339217444919,15.835244642669192,242.1843287721361,6.836216953244793,0.1702711459849811,18.54402019710679,60.81894373672117,4.807779654789626,barley
0.49812928381219757,13.679654567179611,212.21404546461125,6.156460262707269,0.08524810015684352,15.695389705770506,48.22493185683442,0.0,barley
0.5520896928234815,22.311064168769597,205.61707337448593,7.08732235957443,0.11826821495428519,21.11976622101328,59.0346914290985,0.0,barley
0.8255413643901479,21.649181645501137,242.06945854904103,6.887932932485531,0.0925807806133085,18.068559013068658,52.99834471597754,0.0,barley
1.2969965030028776,24.633748485926144,241.80688163117892,7.096060644800524,0.1349260456770755,9.579714293558782,52.70329973918745,0.0,barley
0.6665559791654194,19.20316083792957,253.23714213099814,6.698692352872143,0.10810022203947045,27.928114247170228,52.892269803825236,0.0,barley
0.5121432178064621,14.762416530076067,205.0354038276897,5.5756114971847275,0.11533843691655732,20.54447056516412,41.359798910015655,1.7082600244293862,barley
1.1807695326110814,16.20836673304554,232.97616611994667,6.06997030768774,0.12056310046104315,26.2881938997347,53.86460196222642,0.0,barley
1.031049229660548,20.486343392573712,161.24546899551575,5.744303942209451,0.08664307417211616,23.341777162277346,59.81463184839609,3.8997770207784686,barley
0.9843023900104219,31.78769181891392,161.92315575796073,6.764488321320009,0.09154390539011123,26.457020088791253,50.3870259456118,0.0,barley
1.0846451115439693,13.268013959198289,160.74884678609413,7.055817449094787,0.0992890857733391,23.277958177087356,39.51621575414795,4.093571981153978,barley
0.9386374759740472,8.255790312894264,159.69303161221964,5.661526855960338,0.048766462101765454,21.55247453804731,54.387899015419244,2.681621108140711,barley
0.741950403570197,23.19025229235705,133.93666265475184,6.210266361892422,0.09444343400514814,16.148420252976017,51.20552095761961,1.454519048673389,barley
1.1648910890892388,21.821120455836933,242.98766609297917,6.211854468558277,0.12280305476079904,20.38739020106165,52.91707195240059,1.7674370732544933,barley
0.24523228577250922,31.504900314981462,158.81075819822013,6.022131642674965,0.08871954997342747,12.449985361877282,70.95060857835381,0.2605987635123794,barley
0.7606646391799811,15.0219315307806,219.66676381663527,7.337504457124549,0.1095462595837862,15.12904998230915,65.87336839093985,2.067128625312288,barley
0.7471536332329729,19.567900378316207,205.91023195046583,6.642245570723526,0.10005659153826257,19.11958384935143,72.3536810644095,7.167416916962905,barley
1.060555103566293,14.496725575666005,152.73962394729435,6.987878462471275,0.043157768410209754,18.090972449220832,54.73933270589083,1.8633446928527124,barley
0.8583699009084802,31.026623853977195,235.83143716522554,6.217494320257184,0.1274140504856725,18.08025613684412,43.804893619800325,0.6848350089325355,barley
1.413882233065937,16.645693109736627,196.7912632466817,7.112026888290603,0.11064386221342881,20.202039871598412,42.01628739452088,6.16170519508575,barley
1.2864035637660418,5.7887001147473605,258.6882880911383,5.728358593123013,0.05197875742968175,15.510324781867762,65.09428281335302,0.9551625008495138,barley
1.0737174535209049,9.979954210405685,248.39742427948067,6.339658362601955,0.054874863730089554,20.624097789789598,55.878464886347835,1.670045792767551,barley
1.451997975503621,23.50177923745279,267.5999081253907,6.467127526555134,0.10383447973906156,23.320893404801204,63.90378912925695,0.83379387732821,barley
1.6600432820557112,20.692125924089968,200.21768114395294,6.765104316665757,0.07004999846794138,10.769983860561911,74.66917650940326,3.6285181009066934,barley
0.6766170650879554,20.822582146066065,228.05867432356837,6.20722324114972,0.15015930284285778,16.527436584542947,61.908777952804904,0.23914059606907623,barley
1.177510458712256,29.299163003441333,221.34927082553008,6.207150988036441,0.10775832960038798,22.62427947942021,44.86336548870187,0.7101498801499099,barley
1.6167029039851661,28.381750518881688,170.1532100652422,5.7090127864915585,0.055080238238569064,13.426073663503615,46.59252267643092,1.3485649880196953,barley
0.5156850348435813,20.92758936633282,69.3555782551606,6.583898136560213,0.15627384774913994,12.92445256021072,15.443857501747317,1.833098394506325,barley
1.2452359957024353,17.54949794331305,210.29300744162788,7.274642702775902,0.15912789228212343,21.990078890037562,35.16799265492458,1.838831816383601,barley
0.6498994757933133,19.906652374526054,189.1373094150629,6.157427199229723,0.1535905138259742,17.861652185904227,32.228549763596604,2.2590886727603787,barley
1.2401378367667708,20.306294962230194,165.1312453864818,6.240561125486634,0.07939149047919357,16.47661421179832,41.57859472595186,1.0579193926662245,barley
0.525469416015903,21.480643745720503,164.79379495719783,7.026256139814322,0.11334379209957621,26.528860514725825,33.62859824322061,4.322410208194922,barley
0.9592004984302651,23.71342882156673,240.0388786676328,7.076711300370348,0.10215564833822867,21.272874091122848,48.89977015564019,2.95527830516353,barley
0.6878788356985117,22.427302503401666,269.2728616900851,7.703871587707868,0.1373831676244229,26.306779184467356,56.28328968016429,3.6076257030612098,barley
1.6807638131197087,19.6744768289502,128.55151185555343,6.397812881329897,0.10650931654562272,14.88035554531707,35.62571944000581,0.5140330478058387,barley
0.5694971390334096,25.47597648013768,276.7104642567183,6.905228070686897,0.051189365287196406,20.035372365884974,39.70060259399995,2.0594778538210794,barley
0.7119007886093202,25.897094592083537,231.6045873338569,6.3076400328855895,0.11765635028537742,19.315994122721953,70.72914755899369,0.0,barley
1.144512510564191,27.458039414876477,183.494426634972,6.20054599365003,0.10620552667795014,14.401324929379733,43.5609863776464,0.0,barley
0.9378651800132731,7.448146254675791,172.8751510578591,6.835074494860567,0.08675104907969666,16.940514298194213,60.787591521567734,4.6555891795577296,barley
0.7419699066010202,27.229672226018195,121.22793416577207,5.992504774988812,0.11875283762778087,20.288375611530416,51.429314351611026,3.2297135611862204,barley
0.9290480485780748,24.575027156064646,177.9958864566869,6.12350674720976,0.03437837239068332,22.381796718121176,39.58618539373883,3.5150623060396784,barley
1.35338998953625,18.66685909677443,203.92631692158082,6.618689929205238,0.0928235034084402,11.707007375046409,67.34893477095133,0.3643594613699048,barley
1.1853144238427715,21.748153978643817,213.03471150345982,6.631361638077898,0.13192290348281277,14.646349174654208,61.90486718669045,1.8317246634104454,barley
1.0137300021363715,17.509424039535403,197.95672924191166,6.847495365068586,0.058981732560252895,10.397105148721005,46.70274013440782,2.9041853001069864,barley
0.8953345807378607,28.227100091862923,258.3211418390769,7.341506938202835,0.15083016409357655,20.317752868401875,56.80335085272392,0.13580925017599377,barley
0.06007301097839357,22.432349346471355,165.27184230562472,6.379297690311666,0.02,23.4876925887372,47.579009700890154,0.31850186232579003,barley
0.5957771307751318,15.124362495092836,161.88951529795048,5.917376866622629,0.05054381422396936,17.95096918326308,45.942332154793476,3.2187598538828954,barley
0.38697399627514173,17.32508910476254,159.88919726076568,6.704548375094009,0.09816660622973294,23.245116059969163,72.05816687694357,1.5021331334723573,barley
1.1854984729616782,15.502229458150214,194.2926407796894,6.514914322630299,0.17486013160999794,13.302197606848454,48.391338729011146,1.5389021032096208,barley
0.7359845275356505,22.11466330426859,200.6378150074036,6.571718019210331,0.07472384969809837,22.67294393024731,38.83457282847471,0.7557075248313864,barley
1.2965747817824749,28.38731725218163,166.23962213746995,6.873707070923588,0.0970133011633579,24.21993623422258,51.33753434274938,4.894106877834892,barley
1.536414124170771,14.160553749027327,185.29459622294263,6.049699223160548,0.09717146829367387,9.913705464645641,29.91579087649324,3.539603742300495,barley
1.1192589870037697,24.52090033750671,159.28935794693956,5.869341610357393,0.09322522295173301,25.91420091570686,50.904891660141445,1.8659814203224032,barley
1.4122217047231183,22.27804874248326,208.188596753494,6.7564373397170705,0.09332598016486982,26.866934672445907,48.74766835535404,0.058956397873962674,barley
1.2385616309440335,25.68004238309113,178.77108269091295,6.934389692067413,0.13767880080618883,2.241375262738593,29.30389645406648,2.3010132723645973,barley
0.674304792385911,30.1185914996875,214.58276561727115,6.439036820564156,0.10216177967597344,17.10061515751705,42.2973537805001,1.7436662631145714,barley
1.3510222076757037,10.717570337951804,210.83532924747567,6.230231873164623,0.10301304031878428,15.24105044567856,51.726095965917665,0.0,barley
0.9928983484487629,18.438183107829428,125.06341765004828,6.750961556971804,0.02,17.121572338923972,32.11295393854138,2.014016834720859,barley
0.8823826630706056,24.901766470053143,190.90519736167394,6.3722182491270525,0.13922099111338154,16.675899771526822,49.64370499987066,4.352518623389363,barley
1.231666961398033,31.89731032026935,220.65779952266087,6.18221433249545,0.13759175888505767,23.611688619505863,46.72254894863259,2.580210395856934,barley
0.9711530029390986,22.988442525809884,201.4675004775306,6.422054372553842,0.15910712423793644,21.281117169281238,34.03370787818098,1.9168307099461048,barley
0.8952929419748945,21.878106389667522,210.7967498382728,6.719749728796701,0.04055583527304835,11.160451639087924,66.80708998713948,1.4467191486939182,barley
1.4683352549363202,23.165634935565507,176.0105730697721,5.4868853282850125,0.11791817192479959,21.58649471519633,71.01416175647748,1.0949647797103446,barley
1.0266460875193024,9.151589900209792,172.690954120881,6.647566868038334,0.08772212519710916,14.630224014308087,67.01303772867412,4.705360673381083,barley
0.6261478505707749,20.593545944612877,180.71777470655547,7.3908913638804865,0.10831090130063349,21.986409793475914,38.7795808300728,4.154996491557286,barley
0.8953666540782583,31.177537938030056,249.1605022203503,6.1094244262257185,0.11844216594497528,20.217106674474838,47.344408544296684,2.999745892951176,barley
0.9910847266351416,20.168784851128272,171.58063154074753,6.0533548951687335,0.10268133062034134,19.893386459652064,62.910493963199016,0.0,barley
1.0393697315620178,29.563291699111716,169.48839987958746,5.8739283515341745,0.06756971533178613,22.95732969509769,34.80604078920355,1.5389985931569452,barley
0.765783469483397,16.547150278278018,186.21671264728792,6.275264870122581,0.08713532557451362,18.730182395654673,53.227392705262965,0.5929796066938298,barley
1.164712201562298,17.122368727815807,179.56578877140288,6.525115272312158,0.03993195519297901,14.89515864519737,41.984126679618356,0.0,barley
0.9189509924530217,15.600566778579072,158.99557524367486,7.109604340966196,0.17288618358448518,23.969681092411697,53.57730682557926,3.747967587124022,barley
1.1099638529491844,18.435866510627754,205.01813048228632,6.298480596213842,0.02283140902517071,14.793141969393858,40.05191947978446,2.4671903914139413,barley
0.8316413775470446,9.201492142871825,198.7137759950244,6.672010919327654,0.12692551004585562,20.821496909302603,78.68708914765489,0.0,barley
1.4610094248559558,25.526136580715942,171.4080717972474,6.423145410332922,0.07388534914831675,18.380443786266365,44.68327308822059,0.6102518579445504,barley
0.9981648504988692,13.785174098243159,250.60424914574756,7.026869225288222,0.07566532291389645,23.313438135301737,37.38319179212946,0.0,barley
1.1102131285778867,23.27926560400214,166.72946994969487,6.815714676220518,0.16861696309869595,34.06188466627722,39.52468934032968,2.1533022072309134,barley
0.5700010782008419,36.988911645479796,180.3873964085281,7.015994575866386,0.10330605678519116,13.714690509967891,47.51797257353627,0.0,barley
0.7760196468618481,18.391306458281793,210.1225367486237,5.13696231215132,0.09770372297950713,31.764981107860272,38.57919815070528,2.1517052290614442,barley
0.8518961000707941,3.0666966452278643,155.20624544919008,6.089910851467073,0.1296445680238986,18.824600618159586,47.3563188981017,2.846448977551419,barley
1.0451982492263863,19.010381287613143,230.0698277462461,5.674255410085464,0.09278155488669718,25.2666323320519,24.318445018240084,0.0,barley
1.0547103542895537,21.374759965009066,184.86529478968768,6.757952289301083,0.06897075615647325,23.89724985987381,52.33634812811469,5.130369595405322,barley
1.2963088126447615,23.309548220618417,263.72445463817843,6.01806057848881,0.08973705024484877,10.249049517946963,60.44584671223934,4.808333006024117,barley
0.8300794151132946,12.697128734051535,250.6176626949782,6.057616321945803,0.08234513625450336,26.697528943210358,45.69513203161322,1.1271071102569885,barley
1.5641481703072087,23.545283731874786,152.11856607275465,7.403179120448342,0.039052568586078536,24.037438181606884,55.88218628385869,0.45320768188387994,barley
0.7273855977245854,13.325582301051664,277.80500504720874,6.574659816540532,0.07792823610921853,21.8695807506089,64.4553335339543,2.137696193689293,barley
1.2439442630519992,25.7240685441151,202.6437942967178,6.689954310421389,0.09596186551395552,14.038258662609252,34.795801574759025,2.4012400917797576,barley
0.7520590850775962,19.87366018796141,188.8527289616114,7.08217042750131,0.10979871702835785,20.53235329561949,46.56181036063689,1.223989210383658,barley
0.8810340896356398,21.497613784492085,122.41572435707106,6.488149804385147,0.11286448476626881,20.966308857470978,37.07010224517656,0.6577864545434726,barley
0.8667287619536852,16.760169581383185,145.2410480235599,5.848140650247372,0.10031830727861536,20.927415665940188,51.77591689004955,0.0,barley
1.1347442141120048,18.80724583472092,177.70122976108158,5.94482893964091,0.08217255279734097,22.584880174751383,47.79232732843529,1.2537212958035961,barley
0.6496404376348859,36.74253012912523,98.07726814220743,5.283251441693477,0.08163059317563778,19.997069062839437,71.2823913373851,2.5275590202379217,barley
1.1052878310418084,25.517857981813894,204.2785279636218,5.326942587878923,0.1089194364289584,20.08649938228845,76.03589200341487,0.05807719002180067,barley
1.4400814744384842,11.838914090215654,268.975209201294,6.579554741398625,0.12929453101544058,22.519060023488237,58.1336968472089,1.6950893765514192,barley
0.7704065324720306,19.041846358203745,165.55557346793606,6.432381399693664,0.04368984823013224,19.861182514363204,61.727403459845725,3.9038145076755786,barley
1.4598356814445386,20.914852057631546,193.06312811401,6.3468550081629225,0.1137325773452048,22.585534084659106,54.05769696960229,0.0,barley
1.4823185320209997,22.864889392683693,244.58088093030983,6.531154952594793,0.09086522778727418,28.687736573864807,37.16200568336978,0.0,barley
1.698528861095248,21.442363890863227,180.7233749761614,6.148978549591742,0.029787186186587017,28.336354651593954,58.46756279599183,2.519981561115456,barley
1.288635441371055,14.512009491987357,220.6277433955104,7.1514281586129025,0.022827671667339663,21.97982031306171,58.96491388607397,1.702969247757793,barley
0.6900516272495636,19.006628917713677,179.38162348794364,6.717705397397178,0.0813767511319102,22.82210068037117,43.77995350118403,0.46031230473773843,barley
1.4089867339267645,19.03558737828165,223.92270245803027,5.721553756816379,0.15323070773513317,11.739135863196474,51.16320180637366,1.050905900960277,barley
0.73292977542303,18.35366427333458,255.5804923179584,7.5433675970694285,0.0917175225142858,17.212672615919338,27.46477731275338,4.930234539080002,barley
0.6268742646485254,14.540509154357668,204.71647554633734,6.940433577852797,0.15331413719576414,29.87304875031559,59.04603187829065,0.5396824210489637,barley
0.7701190930941596,18.928997566792177,236.2001380816581,7.072934549307058,0.12159244012287188,9.527751776225406,43.20601288905028,4.4133769023799685,barley
0.8134196167237928,19.517983592666,322.70594636136406,6.455640069749502,0.1498201454358219,28.193555779104504,59.09810205217852,0.6301843639631549,barley
0.20199058915524792,14.84637906228349,228.94916279343065,6.855176515977668,0.14102947474174787,13.470689230431224,52.3933688406211,0.0,barley
0.6910169990524564,23.17582147349355,101.79900469724527,6.990023557084406,0.16407252560036673,11.819563163841343,46.89355358486109,4.936945023841737,barley
1.1752225968387544,22.384016313857,204.83785529928346,5.676917411582811,0.0952107440829964,25.43333136192348,51.043707276785064,2.9433873239273014,barley
0.873388985621625,14.77136157799631,180.5951997289605,5.868180261308717,0.052319206424660265,18.900504812132432,47.25468803606295,0.0,barley
1.2436242182953274,14.410479606028916,219.1514444855386,6.79902787217664,0.15830856100286356,20.71026109466262,59.47508389384415,1.6494192836003192,barley
0.5074846396253372,25.134335767558046,275.572458638476,6.42543170992406,0.17328218272153925,23.61930889357742,74.01176733116444,1.1376204922724609,barley
0.6903652104024331,20.33586461494529,167.31929912488837,6.619073501504007,0.09154272249904742,19.822559332058077,48.919455154158044,0.0,barley
0.8147078470166738,27.614750412696594,197.14235684343518,5.6955042192632614,0.029411916091642107,17.387873124405214,53.34559227334029,0.0,barley
0.37443651441727044,23.36490463199092,343.7350866156225,7.023198150470827,0.06511863726015918,18.41172008567924,48.573834738895606,0.0,barley
0.5085482856565693,19.14339841531644,235.55735440467745,6.6517267956616175,0.07608456807525339,21.54709647634479,56.255103084828235,0.0,barley
0.5737605945153161,23.871060086243247,251.1298404936723,6.743247059162449,0.14127307604701114,26.334977912316972,31.65982937632719,2.457247488567432,barley
1.4605869081033847,26.801459785602002,264.2248998594108,6.1474524832860045,0.12386054104226743,22.88140445580551,42.821948632356786,1.8813664407424748,barley
0.5338991383119646,14.906956075384105,214.74063487017767,7.130849393407832,0.09997223667685373,26.670522021031765,67.87189032297543,0.0,barley
0.9645180956171833,16.97930671164897,237.0463460894559,6.9308917233312,0.07222024059160191,23.620432663361008,34.15204067845049,3.8556977143361215,barley
0.1462897387528822,18.925290247274695,168.14359430897534,6.905557283244203,0.10883925245800424,8.042344421273281,33.85514035575159,0.3257019245093251,barley
1.4143220386230606,29.787577720526915,230.6902964531786,7.353769939588198,0.07364123041037005,21.083029177235947,51.523776061429224,0.0,barley
0.8773627765357376,17.858910158890776,220.52390191921884,6.7972356739418665,0.0808046648091412,16.340616004664376,27.192489941079984,2.5106281048037906,barley
0.963806129926972,19.82605720043219,224.5612240129249,6.202775771187061,0.06626591416738645,15.989775866589522,45.876045625197705,1.9352737699812108,barley
0.7879557007778866,17.355420439028222,140.1684487554101,6.255447613890663,0.038852972280763065,15.696157409896337,56.479572106004376,1.8427969525395764,barley
0.9453324409769046,18.65262621671108,240.5125948325702,5.792941063546168,0.11547849538216572,15.417670152874946,53.33887672055825,1.195822118815934,barley
0.8098706902726278,21.873874836053595,170.92018192819307,5.772237974780801,0.08309431508879986,12.726493461324631,51.74200470163737,0.28419768540480295,barley
0.5576433402835318,22.185695425197764,218.08145544357708,6.389279631942941,0.08977026862048754,23.566475963388847,46.74598770657921,2.016131208581153,barley
0.6027525750659164,23.3455146236145,193.56775132756192,6.810942498344747,0.09044071374446198,15.23513615600742,35.575870328737324,1.0873893770644212,barley
0.8392106534582213,12.21679433617709,256.2903735610414,7.1153768323557305,0.02878808202012513,8.30509526236817,31.764739984998645,1.813070711841518,barley
1.9378979594717596,12.908982668276089,185.72437601656753,7.299748912981652,0.08266362494930048,24.57938624790376,61.2095939396788,1.4415733340108101,barley
1.308721904026891,25.61549021887487,136.87013676833817,6.395244996647077,0.07798067577996703,19.14825534603403,35.43546168785239,0.0,barley
1.0195213815521116,19.956136825487192,262.351231419383,6.626253003401264,0.15013225490391657,25.55179569645469,63.654163024475736,0.0,barley
0.7294526898251106,22.780728740120473,140.45669126793518,6.18326843195676,0.12340025097472564,19.237687334095245,45.813510446007044,4.964935865149544,barley
0.8522604980841654,26.66797959261126,197.76434557481713,6.559494013621362,0.08745135370614329,14.796978967709789,47.34064809398176,0.0,barley
1.2138967767278492,20.678427139092598,180.19592527936962,6.976654212022543,0.0635220031135062,9.161907270957203,55.05717114395736,0.0,barley
0.511643740925187,20.97777690715093,243.48374474409098,6.032858456865155,0.06877291204410883,26.531312761662704,33.05009636984707,3.195871585691273,barley
1.1504487968377362,15.64554759423509,193.8618537264082,5.984022422348872,0.07668606014231302,18.23605079824864,41.517021663927764,0.0,barley
1.249325013489146,16.374058509265048,235.84724941742985,6.407619464640666,0.1984475852669057,21.79043413088814,33.84382346993388,0.0,barley
0.6862676900980872,17.428543028687592,125.63354400928937,5.824392583163665,0.1005294377428016,11.184732126000466,48.80051283409026,1.965991103845746,barley
0.6482924419811367,23.62374862684484,203.82788886556182,7.156001222452537,0.12326484819705848,17.93686703158995,48.10968816570567,2.423631066996265,barley
1.1322159006195802,9.843210497086545,241.69427369624654,6.163418593600921,0.1396911769647109,19.89568450258935,42.204942381200624,1.4995566821564217,barley
1.5041671468599807,15.502579765488495,123.06867867264515,6.346589465316946,0.1440784637154092,26.94081525274494,62.39283071948462,0.0,barley
0.9170056719899187,17.131578292277144,192.0596953662317,5.843034413265718,0.09037399091541348,13.079502258918941,77.84116551572768,1.619850702172018,barley
0.8188701228626365,12.562902044380914,243.10484148479338,6.850092535694914,0.1406692676591532,20.733144257285936,44.37814903781655,0.04418348354680024,barley
0.7324711884767695,17.569519766668254,230.83862898113787,6.169032720995262,0.10994927533334672,22.764692180746362,44.5511149483824,3.456979670008936,barley
1.1470975086212494,22.298917047000266,198.83239054552493,6.604053488627266,0.06988563481035032,14.807635367365005,53.00307801456333,3.288761181754788,barley
0.919332521809469,23.01286789927066,189.61039017851786,6.030310720965193,0.10043745792153479,20.92132633011139,41.734886411883856,0.31202122077968864,barley
0.8266913149778111,21.09823339651883,133.6243774291088,6.664588909256932,0.10915564139671971,20.026805353801276,43.25381888886702,2.0599092058132333,barley
0.6138494091562546,15.432728679984098,235.95680572616357,5.702822615647462,0.07744172881144412,16.11120439075731,57.7951379939751,0.0,barley
0.7938562253044721,13.48777496866525,274.5247054833632,6.33417211705595,0.08182270259804367,19.568543111758434,60.36813650027122,0.0,barley
0.6216755472810376,21.310154209192163,171.65831289713404,5.634548932393552,0.07518683356033268,19.78307429711788,53.90819231550831,5.420142465045071,barley
0.42628465178747965,11.11355149624297,145.64857575072546,7.083752346725472,0.06864218526023462,11.405604531206423,59.74827661495286,0.019830674698139372,barley
1.3903564049082502,21.288047196508423,170.21673799830313,7.036297516140245,0.12855590771602543,26.509771132987623,45.036465695323265,0.8629622187760726,barley
1.515232907077383,26.669261485785654,211.57248617625828,5.989989668057128,0.06334601828589637,11.8448691182243,38.110793283948816,1.0864544194570098,barley
0.5828671221373726,24.32404367720102,83.96439403408516,6.019255000064095,0.07619333562599791,22.043588262739114,56.27201965167698,0.0,barley
1.0800559158650886,13.733536130831201,213.11492991036567,5.768123404653541,0.10448279252836808,26.342752281176715,74.48235178968308,3.673419719242777,barley
0.6389479156615268,16.885970013462757,158.00602559105502,6.133895657832573,0.03882633031205446,15.848291082813402,63.413407241784924,5.968735603459751,barley
1.1521368084890349,21.219415381916136,230.28457870125925,5.5516675244319735,0.07039866274327987,23.02587527985026,47.20335923393772,0.763849864762373,barley
1.2989742000279054,8.559507004615728,252.5256230126011,6.012745064585651,0.11971675189252792,19.003262406319248,58.74159734238491,3.4846741579985014,barley
0.6458187464798474,25.024043719502036,222.7904818997168,7.355262950608671,0.08151572522053749,24.937830371400192,58.74388809631505,0.6158027746318472,barley
1.3503973007238286,17.76608552258517,241.0937856303217,6.439789196499155,0.10378411800342041,19.339682141322115,62.167855536744284,1.3265616220722998,barley
1.203245560894187,23.597944035232526,161.33417849164752,7.054398822335057,0.1515525666667842,21.553958651467106,54.869168568695834,0.0,barley
1.4512586615812304,10.796825998568245,206.48607034450552,7.429910656475909,0.07588490685564993,21.69768396909666,41.28425571029556,2.816962202434567,barley
0.504734248031272,17.52647531907757,171.30009198023885,6.56092521719534,0.04045757918436436,26.537650937363935,53.720787679177484,0.5223228940087816,barley
1.5211544919392554,19.857184181618535,211.5422911133913,6.672972702579268,0.15567870134823114,19.787588917928662,37.18742825419489,1.6788484988945418,barley
1.1469413868221408,19.844976282927984,170.7663697463678,6.0150802945431945,0.04060691480804976,21.405684124560807,39.986043654507945,0.21495200219343857,barley
1.1783316237973345,26.475285954610463,153.39871378965722,6.289224920523365,0.08621195728485723,21.52925149431177,37.51998518689989,0.0,barley
1.1470136754984266,16.38052076872475,153.71377117085987,6.493296008178943,0.0679283877444582,17.632419286986316,65.40557186119923,1.1466414200375348,barley
0.952022381691272,17.176806364952625,131.544681440593,6.60638477492249,0.13559203902345413,25.312986327340205,84.24105302664046,0.9090950534774983,barley
1.070614033357587,13.39990667516805,283.33932364613514,7.094928162600183,0.13362644902057602,21.98319348593681,48.40767894857958,0.0,barley
1.4375227967518338,24.006432451010827,211.59426937886377,6.004136264798705,0.13036318802309868,20.49344799702577,52.406695070657904,0.0,barley
0.607303899328716,19.463242833899056,195.22392911105578,5.875972128724618,0.16071061558755495,16.806900327500863,49.21513353742536,2.0202027703601897,barley
1.5152441803862255,15.349165502157849,191.64310490685529,5.735290313021087,0.13671058125329946,21.13062572663969,51.9019449241879,2.0687846280023545,barley
1.6355904297363564,19.339563821597583,173.72537849614002,6.15266566786017,0.13608388117054426,21.940705360569833,55.76210225451818,0.20312179766853644,barley
1.191271986353443,23.605280769935888,204.77238469687086,6.420940035404081,0.11657191070255382,20.997633423857028,44.24115831431881,0.8758066548391342,barley
0.3996806561380143,23.58474983647967,195.06175990575872,7.429724255890455,0.037548341125870306,19.84795456676123,57.11584274530905,0.10279365463447276,barley
1.1690449358880222,21.699143804715582,223.82805190803776,6.360000638830862,0.02,19.40445424504589,51.129043035760674,0.03763595803735731,barley
0.5361467081813653,23.137641190724246,217.83964562913403,7.4475580522789135,0.07177239357854377,24.927597757590625,50.20528128567804,0.5074456371035254,barley
1.1747253735340415,25.259011665955423,176.36544710631088,7.442244521043681,0.10065839975576955,12.83467941758507,36.3359567760594,3.643935469627725,barley
0.8064748614224782,20.534225445237894,204.76791953751845,6.432538720264418,0.13427779971715803,16.590473256044326,36.68372297500507,0.0,barley
0.9585329372399516,18.41563335024286,255.72157923029587,6.077537790324145,0.1358125661631348,17.554813411237536,70.64823116167082,0.0,barley
0.8595968338402806,24.07176783624418,253.4796166328768,7.006365282385018,0.05327083423697278,24.44150414576277,49.8884012035445,0.0,barley
0.8044155961915576,17.909709230382873,164.03539423573824,7.283550446294095,0.11879084822382613,24.696909166734464,39.43754656147081,0.0,barley
1.1582582539227713,20.20428224672993,238.8455485609978,6.896090395265264,0.10545581577370408,23.005898272099593,50.92007672426471,1.9103312612443117,barley
1.6924622719386084,27.73812925547156,152.66295904912855,5.5508183920755965,0.1475050903715007,16.817979167991208,48.42023802449281,0.5237135005033534,barley
1.1144852260085676,17.51657903439889,146.43437287749822,5.429006063455667,0.02,13.729013446391825,64.6964806019666,0.0,barley
0.99177188336443,26.728962840630736,259.1244466225439,6.165790149258483,0.12489631203618848,17.122455582393354,26.738910075707775,3.4148772564049317,barley
1.0385453185566615,14.737641708380167,209.270050082821,6.700187264635638,0.10582776308608986,14.159038495989574,47.90385664728027,2.111107114008234,barley
1.2638373262690816,18.704613986168997,151.2549665314631,6.754615455595111,0.14329383563330728,16.022252906328152,56.070431809907305,3.5965395087085623,barley
1.3704213582881764,28.067813664612974,212.75095681892475,7.3446253849391345,0.14733062591865403,14.862916488238698,53.720357363215214,1.9703670842087644,barley
0.7604152662762927,18.024762807431397,109.64094285725673,6.926222604114384,0.1297113078615074,24.75444193724986,66.18418676659216,0.29011752024331927,barley
0.9440060612632855,29.26163540974555,248.5849304231682,6.057476822018948,0.02,17.855721301731215,37.17805707210679,1.6252912374066348,barley
1.3398081350975402,11.317223699876044,212.36687565549607,5.770539266217504,0.18688415297191274,19.25796835230913,55.70207739609708,0.0,barley
0.2535355485820012,14.246916114438974,156.9471908736248,7.203573721904067,0.05983531930823332,23.13499428112051,55.05776427704913,1.276911817541265,barley
0.12974175345728622,16.702033460411684,243.68341817764082,6.822382491110536,0.10523521147572662,11.815473980744603,51.51243362221568,2.0074090942022376,barley
0.8298573488523022,22.59881101700792,168.03695233749613,5.295344599627411,0.07748710414498736,15.548451888576189,64.62806400064376,2.9389936543792476,barley
0.9823034881500425,16.71938428420439,225.12064889324657,7.3964811275853535,0.06615288951257006,15.804393095281736,63.80914068394998,2.461679117062591,barley
0.8465408010720293,26.931595497305658,224.82198208076937,5.934312797538384,0.10961326169055448,18.9640408134423,69.83204455030373,2.7147928142299778,barley
1.169228399417655,20.799805436884967,223.44341790105204,5.666513282070999,0.049095732126344535,20.94672338872082,54.79669143943979,0.6930357632757309,barley
0.3006694902192095,13.473289676555556,224.2016927535937,6.576137560144492,0.07755237020238573,14.35505515062695,53.19777502001583,1.198303039967748,barley
0.9442301759724541,16.97388942687174,206.76148906074562,6.669622350800074,0.07807826381400695,27.31342846763807,42.93465263205727,1.8326281614381483,barley
0.45695146663106523,14.00617824597511,241.42079201528,6.935837326276246,0.10751358520383023,15.637313569989521,54.24361057218361,0.0,barley
1.3745153230329343,4.226382479143853,182.67488184880307,6.021655631551543,0.1453205140323388,18.010113798714546,64.84854719403859,4.391287820473384,barley
1.159166871734945,10.172135230812955,166.07681728676448,6.200501747747527,0.1140174319124189,20.898192845173497,34.04482104166933,3.069166101731685,barley
0.6448536761088026,17.876664977056418,211.58322949753853,6.422131271047066,0.15490989958173443,24.696776138120278,34.17157581666622,0.0,barley
1.4024237748749477,20.679695094367535,228.27637627301613,6.515049350572956,0.14306932837880026,22.858250191715584,59.43755634017521,0.1465662252024118,barley
1.2126004363931293,10.338713520181026,189.1658495237615,6.118736751515242,0.07281526780512497,14.316068360783154,25.90873859671715,3.976817500641265,barley
0.9255249039807234,18.936519107246408,222.55545866074507,7.139108728130342,0.14678895425716398,16.84202361388574,52.255748299016105,0.0,barley
1.2564779359310894,20.126285239316612,240.909577706718,6.996380364722018,0.1273594148254466,21.680827949684577,51.04438086526264,0.0,barley
1.115175918883515,30.10059504350912,180.4743960272433,6.093575698240098,0.12163190440987133,27.37152597660259,37.50738245753868,0.0,barley
0.7848099448526995,20.598234937339544,193.5741794252338,6.343821625635862,0.0824064369714651,15.7656315116429,40.07381981036504,2.2199629136918935,barley
1.2003693291972142,10.488017886186192,271.1858003274573,6.764903873657396,0.11938891312654516,17.585652734486814,53.05766299026109,0.0,barley
1.5541901885170748,28.489398397414575,189.2209865976278,5.708757889269945,0.08929547954701583,21.956466701165592,45.27440198946656,0.0,barley
1.0563033323513948,14.757068818519262,260.08626583568105,7.067310799497541,0.12323270235640389,15.460605716773747,52.48208774447856,3.718750835209126,barley
0.2674091846549901,21.234317399638464,263.28009196126374,7.58690764866347,0.06673047548498945,20.381108492188904,62.531860402557484,3.9116773564634006,barley
0.35612012791061476,7.942544995469039,206.9431968325388,6.798989239248208,0.09564005220054873,17.36069943733559,65.33633149844627,4.455013149125335,barley
0.7927339432867745,20.946184901286955,147.94052785323825,7.541295937427094,0.050851594540017545,13.64954415663416,39.32226139142837,0.0,barley
1.4471461762793347,33.92986501348423,211.73074764191327,6.298368004526326,0.12526121670482343,14.464900546534892,66.05308480696705,1.427096219980362,barley
1.1471949356314772,15.852449547922479,190.80099057620865,5.528226086729051,0.10065513072877436,23.451261660100673,27.781513645434693,0.0,barley
0.8333460358144907,18.14201118826245,195.9376484031903,6.472956367312865,0.10993070537757534,18.822446465098988,29.81693620551789,2.127402929532,barley
1.4211979227423042,21.54839687116243,120.19408554721835,6.6393903522743125,0.11663715796065413,14.053748026117276,50.91426749038655,4.052873455006923,barley
1.5660852821290592,20.75902205475209,222.8352649182456,6.400931805252736,0.08565525311732158,25.925005369056237,61.54950909337678,2.734002924765835,barley
0.8157093603972161,28.803552932342924,246.82094530871757,5.724993471526233,0.13810064713918385,19.841528594913846,53.34173157132083,0.0,barley
0.4878981127165154,25.937113107042485,165.48547220128034,6.987469379275179,0.053549421919171204,11.623775294255903,72.92905868871681,3.3187969050850894,barley
0.9550740804704617,21.342261372570768,168.11321497607307,6.713601132287435,0.14128005284167183,16.922635055017718,55.8275607110452,0.0,barley
1.630535499350567,26.02749984760645,198.64997414125452,6.299343155109431,0.14938516988931522,16.476158461292368,54.43704179954027,0.8722319449463409,barley
0.6770436028278473,26.233006871719496,181.45052331551256,6.778515429229271,0.08784381717188394,18.32765350377457,47.94739365905008,0.1902746244893152,barley
1.2566593289681516,19.479286045410014,238.82335273917235,6.9480938095693405,0.14277990938281954,16.542391000846493,57.964488457521284,1.151198168852392,barley
0.9921681160528857,15.713410774444268,178.64991632460146,6.878093560833499,0.08803013734272726,15.352628108743852,60.17960337035505,2.21363490008113,barley
0.5735163124789071,20.634283007941004,250.76991116353105,7.157722408699839,0.08119947943656851,13.446409452847266,45.61327860683925,4.188156843678511,barley
1.2603072144694227,6.237837063979903,238.64374097312765,5.169300411702412,0.16763990919068728,23.22680216504772,45.26500712053443,1.7138986263340323,barley
1.2313557947685334,17.03950614174891,220.85881020259083,6.422273350445142,0.09122172222458308,26.625094073573734,25.53482555229163,1.594074021417806,barley
0.5124218757037984,18.907368175569744,168.1351269061647,8.02776754762328,0.08200218221929192,18.315081718286514,42.57891569239305,3.2787892059036885,barley
0.8214493824103569,16.070067230995434,284.16762794227657,6.968562726361982,0.10941386841192367,31.06191085253469,42.40397154518735,0.0,barley
0.7222776661528627,27.218915170654874,172.15300126081286,7.214151144442733,0.07797047045938343,9.926699568795357,40.38054795566125,2.0742878091875596,barley
1.4173092824913212,27.808048795916235,216.4885907087438,6.910450769624071,0.02,20.313329727828727,50.46246791977424,0.8820519754549965,barley
0.7669349887325843,25.278360469574295,251.266579103258,7.678752474566426,0.09318345316333587,15.019722164185591,72.6229747274909,0.8591672112752605,barley
0.8177883154827246,11.676782633385283,218.90526808275982,6.863419072969011,0.1295256724136445,20.11557526535021,56.529479602008166,2.608586227217217,barley
1.1800349033852333,27.07060337740801,238.36127400638924,6.6132814847784935,0.08119712232558282,23.014770777651197,43.07427632503717,1.2046604845594322,barley
0.7493249567027946,32.797555746328555,156.29726747423513,6.898351496621809,0.12367007928852969,23.38110558796292,49.52460362546827,1.6677813973307645,barley
0.9311114641639513,3.691817455435668,165.60937839233995,7.318415289079149,0.07143123156889268,19.67507306176214,81.65107560590913,0.0,barley
0.8233791503894231,18.487633999251116,110.06907348984957,5.979039993753345,0.049997135713336055,21.719466965279302,47.03485935818462,0.0,barley
1.283547777006595,25.83255989771804,183.7236561908145,7.0680283799165275,0.12055797653846138,14.428134430596117,53.37494950010162,1.8693924554508632,barley
0.7077033812585783,13.840243854159088,218.3557995582341,7.884026840819182,0.09869505982020738,20.051468162527343,37.34663519763386,0.9808963841602115,barley
0.929183390959888,17.73961622333594,170.48836169181766,6.470803584347316,0.08029637273809609,25.20727046104202,74.59865018090987,0.0,barley
0.8727367610682362,22.60153048885011,226.23878058792218,6.041908903756138,0.0800206967684233,21.93305542145902,30.34009179003406,5.930110735258724,barley
1.105506790329731,18.17537152922594,193.23490867481064,5.855966004792599,0.1630877815836072,18.580493724341515,44.77895440735115,5.01404207089498,barley
1.361180524074158,18.833412262657543,219.6311197128529,6.300705037979791,0.08732266279006541,17.895189777646117,53.56915582947009,3.689772944317187,barley
1.692137592000556,6.964547018965234,304.5049367862476,7.114611094415521,0.10057850497537867,16.849763452815882,27.582982675335824,3.8888445015922897,barley
0.6168962623284007,23.911121445632304,181.33727542039625,5.524564175413854,0.11464458353525668,21.431733350737982,38.770428467047516,3.2187888767749686,barley
1.6318947720124704,22.94390164111644,219.41264690036525,6.059718533966292,0.06362211800926107,16.969532513149556,50.82802833082236,1.52349639177339,barley
0.9303873394369613,34.95045660534656,225.7011142899137,5.914216604606617,0.057979692514141805,10.307173544415456,37.88546414522945,2.657446267876175,barley
0.9001653230365965,15.842858751229475,226.53313236194268,6.829527702816814,0.11299887670942349,18.93385028426698,49.559011446786286,0.0,barley
0.35417257459935236,15.16147915633662,164.50949953186284,6.008633357889025,0.09393761440712665,16.629774601129984,34.34477046452993,1.2942243806768332,barley
1.1176005696319404,17.04473155824134,236.85810707050348,6.689274250346024,0.11363063392694264,17.13229285514336,54.9616798147881,2.8649772984365143,barley
0.3247660834824384,26.409758300145317,176.99837182986812,6.890370912998926,0.02,16.829309079614486,29.611897757424995,1.203193843778287,barley
1.0635107994540882,22.441842185172455,200.93095705542797,5.748480980219557,0.14559556000418403,12.273625815868309,45.96425966362125,0.0,barley
0.7891126848804513,11.581423046494367,248.85215928546492,6.947669245824774,0.10250696643409492,18.278324746153,38.48034118613169,1.279842368953208,barley
0.6821906889897947,20.518490372385667,217.71778563347453,6.351714891233935,0.1139649677926047,21.917960012742782,59.656094588223766,5.449508000865904,barley
0.500309110278905,12.596985459975716,145.2577083217534,6.381324614654721,0.044193541952080834,16.34785621103888,60.05698702051659,2.9585075843163615,barley
1.5738397228182543,25.12184795047422,245.58549687903223,6.182617887135966,0.08746791700939376,23.3943443996825,60.30306020959498,0.0,barley
0.5139946090780226,14.132876885850505,161.30123416550774,7.290423674446256,0.16320718313179886,20.64965648211499,54.08853712693659,5.383891966822738,barley
1.1570414173018537,23.354258530824236,216.77175759320636,6.724592727672095,0.1472184860902395,22.63174029813249,51.02436884291001,0.7137202104981087,barley
1.0910171419969699,10.023904548130012,220.73271380898103,6.5756560098929935,0.11122762317721482,13.216304199359287,55.62465911727645,1.8661628349358608,barley
0.9975473040762459,22.221121271377115,162.6657594704452,5.626179256825221,0.11589340089376937,7.991246295971171,57.14036116031191,5.635091696737742,barley
1.1297852190379025,25.12214023606339,273.24726890397346,7.126517470881804,0.1796956869602876,14.64429910752678,45.90539479456954,2.4666542207162454,barley
0.4347805224546962,19.96137609810621,203.00358546559835,7.278748238001182,0.13735299856991492,22.831307999859646,58.36110549021806,1.622758925493645,barley
1.1022654223651553,24.556838456309066,245.52722822674843,6.068569843040827,0.11573554902411765,18.623371460628732,53.18656579890932,3.808792720946366,barley
0.912278521856218,14.4680877436363,159.005156076161,6.156095199938551,0.12133300375755601,18.171375271164656,42.82349064347665,3.0455425803854643,barley
1.055984338006744,24.203432393349537,298.6855471938246,7.628754500380881,0.11206981536424025,20.694516323463667,63.36396981797437,4.055795389595676,barley
0.8746471992426038,12.64982720165322,238.83250125306392,6.635052281019196,0.1213565640625027,21.714481179051752,41.61888450793108,0.47989473533876303,barley
1.3749602330334436,19.03067943399129,164.8305343962307,6.334775584800591,0.11391761468224643,16.44891284283337,70.8486841073126,3.124697026342198,barley
0.47842266154789137,21.377216611508643,270.6016606121882,8.47776832502973,0.08352262455726074,19.123634537544163,33.72381351791023,2.612502778290582,barley
1.1675933236863743,21.699248267873788,151.20972139538088,6.968755175869135,0.1639859371732626,25.793539011786283,54.346983645890624,1.3985292396712363,barley
1.314413211733278,19.153519038638926,86.19187520840158,5.469293565766781,0.1478877578999832,25.651381711277917,48.495239486531865,0.0,barley
0.8949024825720289,12.283544830898697,188.57309780248312,7.548196594226862,0.07810415863384486,15.028014322254295,33.87281087927638,1.9114229719717442,barley
0.6675336846606184,23.90252052603398,186.1131354968653,7.508785387212183,0.12069616276602349,21.385091899775222,33.11818006561527,1.5482004309892166,barley
1.1063230652240228,22.05719927970904,215.9933092608622,6.57353772610277,0.05912999090153731,6.965951241079667,36.60594139382589,3.5278689021139846,barley
1.2801175769223856,26.85421864820207,214.76539181576055,6.636219454259558,0.10060473725783632,10.45884674548591,52.13808594282179,0.20481442917721804,barley
0.7868176572685739,14.070380004935513,196.97615892082266,7.049090864018585,0.1279913168117837,14.146016225199098,52.90695168028175,1.3512190034834033,barley
0.29607996899301237,25.640801636411997,170.88627627879038,6.848214062266155,0.07231042343258494,22.889767398067494,64.9807723360122,2.022950723032472,barley
1.1900957576125375,16.078933942268414,185.73415448425126,5.828643429319092,0.13684471349814858,24.93174411401811,44.24196441632349,1.5758013439359917,barley
0.7666450147823682,12.145831015447737,176.8368229518614,5.781678869216684,0.03208267470606878,20.479838612980565,38.05178946699958,1.4163065298427855,barley
0.0697529609349784,20.532138328217723,168.85447960068495,6.124794101370308,0.1304677946676806,18.38843418897786,53.5895440505536,1.6069204903876348,barley
1.1684207362525898,15.250677600013038,199.47575647805039,6.360056110383165,0.12481166387582186,16.117742557409127,59.03982792406896,2.5567636509255323,barley
0.7966297623030704,24.359184268196444,182.0353267314468,6.115981808863077,0.07197794782235502,13.627440968322993,53.73520432028016,1.107059050217608,barley
0.8925598688125975,25.12472474050733,239.67534516836767,6.565856469452925,0.03226281618829098,21.425713981015885,26.494496334893697,0.0,barley
0.9437067150544914,29.208217696763143,88.32116834202374,5.581200279790496,0.07496074110040629,22.45605027805587,30.414516498246456,0.0,barley
1.424486693477328,25.29094879642684,172.64359250448337,7.1082923854708975,0.10298096343552177,14.465736834815214,41.43811445973287,0.24468727756501818,barley
0.6224536971050483,22.753055417769243,245.44884806044442,5.635857677295132,0.12332287510885936,13.777500502290398,49.12905149383287,2.107053466470979,barley
1.354839052526613,19.855794172376903,211.1944558386065,7.477577113945589,0.1565338518044403,24.26581895208291,59.00572322606688,2.5163788727438616,barley
1.5737393159236992,24.42379577641663,169.4958565679591,6.563715590744504,0.11437853836220702,12.036387253323294,43.065371721013506,4.921474983654029,barley
0.6020352986143856,23.059206700119052,214.08725419585002,7.079034346176446,0.07279892975385387,15.11589640293925,50.63893644195243,0.24217186206890573,barley
1.541904363618988,21.09083849606625,238.38785027257538,5.902311947686491,0.12065756255801854,31.448046592351535,49.34090480166852,0.0,barley
1.3985278735148388,17.153164960177484,142.01934790274666,5.823413675347165,0.0586357980778613,21.613550054544152,39.80080242477406,0.0,barley
0.8697988823769922,22.555109349090035,240.0565707439732,7.239718291758297,0.08837409687943647,24.081583851328066,40.551452632142656,4.921386732295192,barley
1.2170547984258702,21.594328580773507,128.53084444165034,7.084459010630808,0.08362575053477007,15.943207404179503,40.14937149247292,0.28765146927188967,barley
1.1727529963970373,22.56360385240252,202.33808334561903,7.623919467237035,0.05629429215530838,20.43027951385901,34.06005592930935,2.627254708169854,barley
1.200677996689669,20.814580771370206,222.7749878873111,6.850748034270007,0.11693909904790338,12.079768522266798,60.5294293320812,4.997551382208593,barley
1.3933025613019627,18.438858584882134,288.4702117247957,6.648331369716642,0.14103312326242076,22.41369732920732,67.3134626277706,0.0,barley
0.7225327381145205,23.14563117053425,189.24376664131222,6.281876652651194,0.15263464075964678,16.19441160594367,53.71115587727907,2.253050190508573,barley
0.9207853629366991,6.1181015194019395,116.23269202555741,6.344923867052195,0.1770384628463563,15.399197017098826,49.71672370619709,5.655736137238949,barley
1.013379079527071,23.055802106699034,214.02431857066873,5.99739550806201,0.06997408166184786,16.48769521573912,49.91007303964462,0.032816669859353054,barley
0.827118344249159,21.560403920284475,253.97962504551816,7.915937347609066,0.07510273439573183,20.421796672393057,38.211775445532815,0.2621304509738043,barley
0.39791197561469516,30.359844747561496,180.82932089179906,7.075827225680782,0.06309069422784158,7.275331428247306,70.49894853344554,0.0,barley
1.2381829918308047,35.21643733660656,264.02649043893314,6.2884054057063095,0.20672261036414946,25.587326926163666,74.61123174280792,1.5267488120348003,corn
2.099564486932734,24.661976758811313,268.04159039647413,5.968965084534125,0.13152896773309541,25.600945160120794,76.0083314881146,3.510244050635731,corn
1.6680815439117884,25.16979083488825,319.5744507602958,5.520996260134489,0.10132003985586632,34.07163718043287,39.06458669090049,7.441874905184999,corn
1.594708202605869,30.608054506097815,274.54562841494396,6.005420080816882,0.17812432293995117,37.18686021172401,79.64011226567466,2.5753498335994456,corn
2.033954267147712,20.967101874150273,250.17440645719415,6.487490480725979,0.20352959298839118,20.074231359411502,77.60830429126196,3.1755605275390932,corn
1.0265277016003185,33.98528927603362,241.26224384588505,5.197920000725302,0.1878857809959678,18.567453163024325,60.464831683961776,1.7470351258943957,corn
1.316234777224258,34.533834925328534,288.5729581028298,5.495209231265839,0.152110114910811,27.340852746627483,81.27763986484948,4.921213497224111,corn
1.176493543939435,20.253532277511077,289.87684347697143,6.858148535499158,0.13897428043485113,23.869257107816992,71.11525607261733,4.579074753195981,corn
0.6794788627477479,26.371562758756117,297.05624900605613,5.509518877071067,0.19047384906144435,20.760872936052184,67.78685227692257,2.3081085962891543,corn
1.0347148367523848,29.325453449783122,255.39800673067361,7.313031883826782,0.189106675577463,19.058688103351802,68.93581912734157,5.962642979343683,corn
1.8970149251149222,39.16242236385057,347.894031632046,5.976061635692696,0.17358953948697003,39.006740419451106,80.3377715552419,2.6590784595961314,corn
1.0663270338287372,18.662290875484324,289.5215290314665,6.335442903669242,0.15358469675452435,24.101436234913695,54.67566700049329,5.233162614110753,corn
1.5903581526286652,30.58627405002104,186.3227027235102,7.4738949334379665,0.20125863024061497,32.35309855746253,40.23766546676825,5.781051630392301,corn
1.098246110121384,30.574873578470765,312.3250269887662,7.042987485562849,0.1854182651820403,36.26372956176965,66.98255207718972,2.385128249295856,corn
1.4152583410276096,28.11609890277599,297.7444633030188,5.7623416095195115,0.18853443460111774,26.87721394395684,59.48227751506792,2.132079245726101,corn
1.4349913885387635,29.83217486124808,251.23929530863256,6.852663444274945,0.10359479043439634,19.65118869116651,52.5567868737557,6.218543898966322,corn
1.5513174713436437,28.224570369649257,286.6322883059386,6.7937361168073656,0.14131156144722018,19.863731319295525,60.697988476366994,0.9428207071708283,corn
1.5765168581767854,23.400956681183956,272.93628315239306,6.517663065329417,0.14726139336406888,30.173631109656743,99.04226450863104,0.3100340315609258,corn
2.4493502028546192,22.163295593405536,199.04958329265477,5.823241800682867,0.1856858331519874,28.078870233078906,57.55970947342233,2.840523220647374,corn
1.3341346477941354,31.54923491789863,316.47075733602145,6.246823036806858,0.13622342854806446,25.119119166616695,37.30902560861454,3.8913327826494575,corn
1.73401824147501,25.784689586649293,237.28846674118222,7.072729930573198,0.1709690722859027,28.938308479865643,71.03712856624546,4.286589425476466,corn
2.0597556180439787,19.78255444269101,258.5947908239557,5.030103670881882,0.14528396773205682,37.01663959163935,49.58457997259241,1.7935877549168286,corn
1.5738155604270765,33.179758916586955,290.6076915268464,6.073770894722388,0.21941485824020418,26.710038699859986,78.6614987717457,7.186858182973524,corn
1.2559304810556298,19.030536322598074,284.1130968585242,6.511709226630342,0.16119377614450314,28.340511551899045,63.794697366992494,7.122825535449837,corn
0.5462739664568692,35.62499928756396,271.6524091960345,6.323531460471941,0.12587881083327462,33.16167921540898,51.07415898723794,4.2164613987623065,corn
1.9981346723543538,18.06999280045007,274.2239605423775,6.586472331246741,0.17493878763479573,24.674475653661684,72.0265949991068,6.077196285096452,corn
1.494856730702434,40.500513792654445,208.86129029909412,5.992828306725949,0.20209043940609095,25.916571574369847,53.757429818170195,3.106919298045152,corn
2.13010949752534,32.7631570273478,218.31416197080955,5.276040398740182,0.21222823957896864,28.228017183718,59.92846143279322,2.184845502651011,corn
0.8746607960816534,20.071751356856034,273.5143758348819,6.10377414684987,0.21759205466604617,31.594911465629014,57.89345889278556,2.1455338217537196,corn
2.051571981777747,25.761589489448035,378.9615519665687,6.45788247717022,0.1122255684571627,16.796510869310644,56.173980167865125,6.890801198106728,corn
1.5135062921097593,12.998965844979576,231.8708845262636,6.225928899296815,0.20794511248638498,29.162942811691305,63.20003854917713,4.605885511473239,corn
2.378494015949805,34.354289418130996,226.63459625921172,6.8105055493872895,0.19961763540136485,38.647277660918014,68.44279218520302,3.353387353714313,corn
1.725174843158474,25.136216944050442,266.79050123094584,5.917011056937686,0.16081978762657112,19.715674193486294,75.1276690648291,5.597143092465872,corn
1.0222120976247355,32.48286163899035,234.78131268237527,7.247691580525866,0.19515277816915416,32.43509181147505,72.09341567506219,1.9137227067546196,corn
0.8730061635077436,28.8137296487752,202.72643366036624,6.513878724495944,0.10791045747858743,30.90590694626653,71.19018902794923,1.441054438027833,corn
1.2623606106314689,30.543435192515812,299.8316554327794,6.537919763955705,0.13571112768457194,27.809438942689784,62.283132262441946,2.930901751004736,corn
1.1069581763373335,28.24848980357751,223.1500308077125,6.3231998628104975,0.089516859308819,31.181437676826683,58.26035209222481,4.159063829273264,corn
2.1250365354390723,37.3218244021611,289.7877355656953,5.787327951671575,0.156914342313306,28.500310313870145,68.23202960479335,4.281032842346285,corn
1.8871327948320857,31.950202974697934,314.8538373815679,6.89359201712558,0.13568254405938307,25.40568747718297,64.84865948265444,4.825723294846682,corn
1.4278876156429943,27.93613282520845,245.0679778931943,6.079292475015489,0.17444926866614735,31.54939184178679,86.26862497757504,6.045304519474456,corn
1.4626837807504143,35.626612081819694,195.6299177023002,6.649360662053014,0.14043159061021673,24.24599348360831,88.77244591033154,3.1592129871567582,corn
1.6860953534525291,31.543757313845422,258.85671396622695,5.5834038116828655,0.17148298722231167,25.28828392522185,63.73062001793249,3.9535801526408227,corn
1.7596593853430607,30.46478315236522,191.66907053804152,6.531886610560466,0.22174382875123694,17.46165633302965,53.8850390491923,2.620225770830843,corn
0.9048978136692551,17.01967642684548,216.8275262923967,7.089369066826397,0.14714333863547066,22.336013390540593,62.984721504259596,4.9778824931982975,corn
1.769874540221277,28.254539647845796,378.8726807087198,6.558723098522459,0.17517163524259632,24.346727936664255,54.66183917726679,1.6710923150159132,corn
1.1485014582178943,31.303957918224178,267.2865693050548,6.021722986615535,0.1477175147915833,32.29610556945882,62.51310967346099,4.068348936531852,corn
1.7012573331343182,30.98222958600027,225.96952969331008,4.921854925015503,0.09173143895595498,28.766008143867197,58.07979390103975,3.3156851552410838,corn
0.9989868119514098,23.196695357909505,265.37120032167803,6.423729088833678,0.1222424923289122,21.226322808170462,88.12452183070567,3.500487840102698,corn
1.5617919035288228,19.950223610375314,224.84753871261293,6.233567773965246,0.11973849542995713,27.452790952903946,51.12560925901671,2.5112376522097986,corn
1.320619907156654,18.039321336879503,188.97540827690045,6.4721268067325495,0.12393036322249165,26.07368368368646,63.25225235819181,4.663389580741221,corn
1.8843530147642376,24.113622488624827,208.15047166101388,6.516908493783904,0.18995323040435824,25.273521996540357,64.20311013579546,3.611964313222186,corn
1.5459029571096614,31.808913464519648,241.8135474495852,6.762425704626025,0.17450240758919688,37.75133054046661,56.34398945945802,6.3002493305181435,corn
1.8810017589484982,20.66325379107017,285.47304008648445,6.766997858399732,0.13868091200683738,14.69459379592478,73.94777565513235,1.4075064844693275,corn
1.5396512911029223,17.352286591623944,286.70280243253103,5.298464192699284,0.1394394768462282,24.17707811814727,64.91661441731283,1.0338466835779094,corn
1.760790666185401,30.902090072043922,243.66021226475118,6.229359255385943,0.06364439326128325,35.02615431298374,62.27891172421228,5.293971702740366,corn
1.6640490785179782,28.334383693570548,290.9954749730674,6.016315027972289,0.19566957209730343,34.87606786919187,67.41071445643323,3.6861435284506614,corn
1.9421382996900247,30.4799353987129,243.12541547542568,6.195108134775369,0.16437971561698342,30.810098501497805,58.95656542171541,5.580031175488493,corn
2.28688696355073,31.55592644335478,257.17413780960504,6.741456922240794,0.14452491262617187,21.402414353139314,55.89605637911031,1.2609932609273327,corn
1.93643024682163,25.135488347396812,176.727921027866,6.706475965661958,0.17269754395162837,28.5185742599639,48.90583763225623,1.7646564628840342,corn
2.216682359365957,24.371850794588912,280.50567544064734,6.473817473767008,0.11149878306558741,19.6284963005711,70.94539877095738,3.379731476313763,corn
1.5011765341173136,34.25078599760836,186.96622715831347,6.36390525165114,0.20099902981203022,31.21580747144848,61.6878476255946,4.938699422769289,corn
1.8185371350996216,22.746691387261997,193.50419950222008,6.918717590306693,0.16187444656685576,36.0961759265281,57.27500863761902,5.992057961413398,corn
1.8905555136220213,30.955614025368238,261.29553497294853,5.832767661305713,0.14978283385237054,24.532127292887637,65.27673853993234,1.9072792796191913,corn
1.6860496169496508,38.69313139550412,220.49172036069245,6.718683432096301,0.093822468420321,29.506470143592086,68.14583099324776,2.1785688763989697,corn
1.7929125575137608,28.62575386255227,341.36831233562884,6.467905822503973,0.17381834447578282,26.27022438885494,51.53455998856508,9.203653937820022,corn
1.663916673817727,29.834937232898742,263.81654871878965,5.5199280684963865,0.11239812343469455,18.624010034385808,80.85224725011057,5.00422620362148,corn
1.4826586594672615,19.414866331719075,222.6094044531168,6.337724808046341,0.11681604591513889,31.364595871992172,55.35165678804343,3.4368741224996944,corn
1.5648329018749676,14.870036743343633,296.41337969272166,6.424126067516081,0.08244564412281762,25.04543736059231,60.991688524181306,1.9309031390820586,corn
1.7220905825282016,35.22672188092959,275.6002053340372,5.553353903253027,0.13628029359181099,17.108803760445856,67.4072564305534,2.0035183984471674,corn
1.6964067374145524,32.806964856931586,299.5194299362554,6.524649907466218,0.1510475903459722,18.892713099856415,91.17529557410123,8.418031506384231,corn
1.5673159732194835,30.58841042555484,208.24145884413994,6.167175544637056,0.1609148278476238,24.050047969444655,86.08836300445232,4.622324787526191,corn
1.3825819419011447,25.551588339724113,270.9566994910507,5.444945612159097,0.17687609569357804,26.80194674216505,75.78169909866773,4.710754192657937,corn
1.3713593898137382,23.981207424780454,322.3766475916805,6.657193518519501,0.18085009472936509,29.969234867512753,63.91260631498018,1.8100778052324964,corn
2.2296176275051853,26.839311314442913,317.9716901460736,6.346492282600514,0.19875313319234666,22.668760765184707,49.20554382075558,3.4412364077611106,corn
1.4311609281326199,31.966083409411883,275.4585297846409,5.472130852033046,0.13405349884610238,20.006405177725266,56.016672381032095,3.8140421302040735,corn
1.3826831462533087,34.999176436848074,278.8275403025072,5.8903568915202245,0.2050617776242457,31.553819750752332,67.34778852604549,3.27137905783934,corn
2.2778655964049612,32.787207873650544,211.62428785421994,6.496960109929534,0.13085177953108165,31.473836071961003,52.65737734717255,2.7262208159762675,corn
1.383841466979307,30.882458949102414,212.7772181496231,6.4046394109506295,0.08472651612311652,31.251306590839796,32.77182349826697,4.353490336476852,corn
1.6874209629224806,25.003652243252123,309.4735621379755,7.0774931600832565,0.19756627663202386,32.670801178364286,68.92861301808485,3.2408484476974477,corn
1.6921832001454968,34.60842182058479,257.62113675091837,4.9594377996134025,0.10125612728072736,36.01204883996836,55.12243664844466,2.7784451754594013,corn
1.9305815472747974,33.38012878335155,285.1339744494258,6.486677639909924,0.08572389999342511,38.09268859942215,60.453482455064254,6.179198888565622,corn
1.6496167112353584,24.7882800909383,247.98216327258157,6.298839867045768,0.21778210723411673,20.53479878685379,69.76178527736893,7.612443195564233,corn
1.421646655727135,28.215638755141345,207.1537304418987,7.387339971331407,0.12032396225678917,30.2294268930114,41.40099237902463,2.2755038884083145,corn
1.6777837327142757,21.318168770904734,248.5086318248455,5.595882450805618,0.1631128534944612,21.089139070296106,52.27300653615497,4.531343232458476,corn
0.9334563971068748,31.786264107687067,223.25986843506647,7.358199552635707,0.141612152323758,22.589797601985893,66.29676477829227,5.994682056569191,corn
0.7475294152364381,24.15032982300344,316.5941693301682,5.77609439197198,0.11731398450002245,19.044321363860103,60.84717304838415,1.488047655015189,corn
1.7569198576722607,18.986252977289965,238.5472021603416,6.284572963898368,0.13869013212761758,25.808986071372157,53.43997664824175,2.220035242864796,corn
2.030003498907466,30.54321316323479,279.0091414575257,7.033122822827426,0.17412739386473813,25.47204940101064,71.95485566817351,3.5085807215840306,corn
2.210940952480986,29.254515233194176,262.0838224492078,7.3379225820963665,0.1888707628758716,23.484412195009398,70.74017965427832,1.4400503547557468,corn
1.5133899292346606,29.053311684201308,266.3164433366821,6.300729877460424,0.12656147825566277,28.995660727236835,71.66640886073277,2.65089226980484,corn
1.5922130045182292,30.957928933297268,282.1584592486256,6.612769917997807,0.176609249527723,30.020900711646334,73.68647382495766,4.91403479938766,corn
1.4220530600421473,30.009956134801296,229.96908742008196,6.04932792798786,0.17197622384026656,27.294956967973743,56.88145452097229,5.1202377658113205,corn
1.3354751930601434,30.76623848667714,200.12970647636894,7.193139429033367,0.1770682530525056,29.317754649382415,65.21366270549117,1.3439864028523005,corn
1.0157650011230714,28.442083349932158,243.3040315213917,6.596138704246324,0.19633038565428407,29.078765313914584,53.47969947762999,5.268564260221173,corn
1.386543131108881,30.403889345521264,286.90135507512736,6.088377274499038,0.211106019488643,25.294438366214948,65.3532858916665,6.543368515911254,corn
1.6654720520370443,23.010320905926278,244.30275469316746,6.538906149994644,0.14447721272272288,24.45909186799689,76.36592188421415,3.6128104305072775,corn
2.208320803113167,27.0346351527516,214.0593274095063,6.252796563764388,0.19259065547144855,24.10622777778662,78.41440767347724,4.0140625912194885,corn
1.7383338496945495,23.645747438468987,261.46030239539095,6.3965490751609,0.19670140581062698,24.672484819804296,46.251153270662684,1.7930439526386004,corn
1.3623640558651642,31.818126598748695,219.74361723753037,5.812295141492212,0.14934298962801415,26.901062384730466,63.95125914201954,1.4322152282358251,corn
1.4901784765054846,33.71610333484323,277.67301944140735,6.629724638918713,0.13342850431663675,25.59339760898471,50.005222656039145,5.138577861498447,corn
1.895492027370392,26.611380891167535,242.94348672743985,5.899668347520883,0.15582735919672397,35.33673300709938,56.378687355744546,4.439889363693264,corn
1.9181918843204564,27.41589376745352,201.05432181878018,6.6028522659679405,0.21343619135221475,27.763948586846386,64.53462666439877,3.8981127990216176,corn
0.8547200698017355,29.897926885923447,238.31248613167406,5.852141932247638,0.20316740722018603,22.233182377031554,66.16701089908479,1.5217004367829734,corn
1.7176448710037988,19.55403227792698,269.97122185291806,6.470417928241261,0.1857603021802004,20.508819939322976,59.744324257518635,2.3519935002663024,corn
1.8521606152214702,17.615889992070144,242.36384852883546,6.691759711393894,0.16609273312223352,19.322206237331187,78.35663168930013,4.118040370577766,corn
1.949514951143992,25.462753737536893,261.6010788565801,6.518024726671009,0.14465610669999196,38.06180583192371,61.733883284523586,4.676661769138748,corn
1.3749350782686032,24.665013129331825,253.39531760506895,5.970558337779198,0.12678493730222645,27.1846800133908,60.00518848148771,8.254017413110255,corn
1.5359700882565552,24.039705027341995,287.7435891814235,7.4499171776198185,0.10385019329547884,33.1348154177374,52.29260403602575,3.017945870117424,corn
1.1129729812889972,25.18331609925825,197.57207003068035,6.0354015230606315,0.14819408715450394,26.268395750436735,68.04805438614133,4.529168026781918,corn
1.5725222515400399,35.77995940274556,267.5572493572867,7.123145478821448,0.16459782034026432,23.803275446070774,48.70564724870928,0.0,corn
1.4485758547544318,21.066367527169888,258.9415716928576,7.168828097994289,0.08092159175423658,30.364879136409535,46.8215777997721,0.29206934290950226,corn
2.383674809480773,32.539621924059716,126.20286310715557,7.204839705738158,0.15204914780120155,34.46382633519527,53.883226179211185,4.394796626197698,corn
1.6411421786497582,15.571004550106895,265.7828274084876,6.878031209246332,0.1265133861567264,29.627488416916357,72.89083696098612,4.042647472250427,corn
1.9969545153091475,31.84239994979445,332.660524221248,6.555765675899526,0.19640531953007587,26.27966898798795,73.12441885367006,4.683946335795695,corn
1.7545704107869349,32.44740348443112,245.7372074708709,6.207437395042147,0.09691152872522527,28.140493011737746,50.92949343120066,2.458918346790713,corn
1.4657327600914383,31.931220581651967,285.8716070077874,6.677575192931798,0.15367565094797872,28.407922545080684,54.30315044572868,7.076514923919444,corn
2.1675310596266844,24.39667929123942,204.10423341522963,5.703948243280761,0.12752015092555566,22.33964162257906,68.64764563300223,4.362297563947737,corn
1.896808200700272,29.0818632491481,269.50505843128457,6.220137566905252,0.2146114005138346,35.05427971732463,55.50435729941617,4.6046356178735275,corn
1.5093771976279762,26.42315417407378,234.67897570408968,5.71013773764561,0.150445980338437,31.70706523180427,81.51410246383418,5.891559556967616,corn
1.650152385307157,36.07201633830742,256.4691442072176,6.326100367226361,0.11352895029899668,32.93336538479223,77.15168443393557,2.0966535631103818,corn
1.1599489346325267,39.9505775354482,270.1709575125221,5.75392837135348,0.1492027597821181,29.882752613480783,77.89384331887173,5.617503197864123,corn
2.162995330854516,32.36099801140271,280.37207880968646,7.134353782569591,0.14249021511119797,24.076311910703215,48.05343623548313,5.529550656384606,corn
1.3543975730316615,29.52704737384885,264.62902467360743,6.1972261970384555,0.1458500459287597,31.953326400183883,84.46821723359358,3.1612788396088565,corn
1.3268612227946615,39.57314402364835,264.0537922850831,6.065484189472999,0.14844121631074564,31.274264242220372,63.961730232419136,4.187010323521513,corn
1.148725250962384,23.32987956686216,310.09397307168337,6.651511631185419,0.1953122187204319,18.491400598783237,58.01693959323568,4.620338280761697,corn
1.8348320696991474,40.489032982614084,269.0406088792627,5.8648963845141955,0.13339038769646283,20.300302786830866,81.13484322934391,3.6932484733211646,corn
1.375491426576944,34.88298471946209,320.59945032061216,6.209048657803237,0.1418307503009051,28.454782164267215,44.69235532828874,4.999434477434865,corn
1.8377404239352502,29.106475583070182,291.9602073555437,6.409900662533259,0.1660512949544132,33.939046212975974,66.347471894402,7.249813078427351,corn
1.9002852988413537,26.41946918793216,258.09996010835283,5.9940169392724805,0.20259110902791727,40.87919143969869,61.94268579538803,4.594207419836386,corn
1.7700867019788347,28.55654722646307,252.5378517409258,6.781765211608983,0.10882089555523142,22.633439826881133,67.8346131082519,4.133736873219419,corn
1.6697138544010603,31.51398432018528,313.88530316201604,5.769643026310625,0.13619433539569736,32.37242536734801,66.08575763095467,4.375585385628131,corn
2.02386615245764,16.995712437049782,327.10677397353453,6.5187146554222295,0.11538760594288766,33.06652988571408,86.57712003540311,7.012091421557876,corn
1.512022358305616,32.18318383328903,284.1649408077546,5.578502867297299,0.2496932120302931,22.034732414622994,89.78967572450199,3.940156508465981,corn
1.6929249564625537,26.473415498479394,322.92795641683,7.473751836031232,0.16635623534261604,23.867043275834092,56.62030877532704,5.341629063767881,corn
0.8207325765207287,18.351910965746217,260.47387198798566,6.584427131022299,0.1430983666413097,24.84343837221093,44.33664650931406,3.219551220270344,corn
1.5456993821376712,29.75328922110444,285.83513914287784,5.231124860252368,0.21477184356833656,16.4415192446803,71.1962400320073,3.0991234566636896,corn
1.944255526794782,31.312697764880202,251.47701100645003,6.2119082007962,0.10169651045731884,26.548772283356538,56.23065106508989,2.1140201090404886,corn
1.2089791116025657,28.059480961857105,241.00888671508994,6.922488564688261,0.14103696575386437,19.54756815740346,55.5192599620019,4.051724317367974,corn
0.9589713162187739,35.8846455502648,249.38221737890277,6.317492381651454,0.1644869358827745,30.306688965375148,72.86300642387667,2.4785826104355286,corn
1.3472317776021698,39.802851015760986,165.0545777221289,5.790925965957912,0.12887627338047172,31.496403399375247,68.34070979129604,4.626216948575879,corn
1.2938192071517902,29.908138809271634,216.49524484090009,6.062037119377252,0.1332913497408216,23.3658555587612,52.94849294041722,4.415286809238749,corn
1.7026361713327172,23.06470432917551,239.07485898245756,6.6542860953277145,0.16512386418109562,34.16212839331322,61.849354463006435,4.642162839808702,corn
1.8306671845375373,21.988675421052513,211.05114923184655,5.573137783011349,0.17426714827635018,25.987276760443816,68.02154440643254,4.242205166532062,corn
1.671148323058852,31.77855830053728,241.75032369302718,6.847655617301789,0.1812585369878406,20.04983106294223,62.12652061653618,7.09100759786226,corn
2.856097430768368,27.728811724766146,261.10577022145975,5.415530524914256,0.16390530831306677,26.6575510446381,58.17704293279305,7.539567105497973,corn
1.6735612576583607,22.029405966660182,210.82073289201796,6.841075719775423,0.1378292923739494,22.320054087025248,44.75631181994334,3.731329301584014,corn
1.8083791090749741,32.87031743404335,270.81158794312853,7.387355293006291,0.11838794897683602,27.963049029317485,69.52784986166631,0.7184535407514976,corn
1.5330824288632838,21.424553945075893,270.15233667140944,5.897946220024592,0.1828469186860025,34.928405363856236,62.35568392942074,2.7010230163826145,corn
1.17440463955728,30.372010684155406,218.30902278338053,6.9579781001826255,0.21804376258261035,35.6481208747587,86.84330222049392,4.221722696148895,corn
1.7611527105736167,23.28134922444872,200.17579194335826,6.844096730486267,0.11008052040147526,31.954069344936524,54.63517892582119,3.5840769621855753,corn
2.207470473578427,29.531522914341917,282.9477239242718,6.237120575756757,0.18996083905305428,25.687311192456455,53.822076051107395,2.0201297125655664,corn
1.0523157355626158,20.445372006706783,290.1792925607261,6.349608292725897,0.12654068595852144,30.92220399815677,67.17434169092616,4.888095530453531,corn
1.2524051851692422,25.21816352025147,275.7123691845181,6.2369556584745345,0.19520767745890633,30.866761590921154,82.97025544447436,4.611596634693314,corn
1.375568609354079,28.275730987598667,364.70875298554785,7.051517548979082,0.15462327347966145,30.560338559690923,62.540317796006455,3.357869132996128,corn
1.9958972598727076,30.562240532154277,302.06675920435106,7.448570468341206,0.14266757753819612,28.552624918040774,76.42112931146944,5.589775458062417,corn
1.469117434790263,28.308529342064418,346.6073919837466,6.0652709080121125,0.17626661301361768,29.47248866637719,47.81392195702283,5.299792711267219,corn
1.1297585226386684,29.288205608613723,315.5621969005686,6.102121420765491,0.1068188226990944,26.881844565151745,64.76651849453881,4.241360560801644,corn
1.679451711671138,29.704299708853334,194.13671152722122,7.044488699716406,0.08415043026813761,25.22397388940937,74.67021495560812,2.4719504969179753,corn
1.0919654589376873,23.48409587059627,238.09154001736277,7.60301668349493,0.10769950641726576,29.10431132161402,62.59362306825809,2.3679939432291315,corn
1.116346641942621,20.87098398612943,275.44122305224016,6.804861947745666,0.2060247124972748,22.22077923984817,39.535880183787754,5.151632392615572,corn
1.7843105512143298,35.10993834502937,174.78527636007658,7.298007085984591,0.16457907126573493,37.08915717379183,62.48799677654834,6.781617998178622,corn
1.3971801930691132,40.90368590460466,236.89641276427653,5.4901295677047095,0.1683399163002844,32.70883945260414,80.20702626340812,3.8787156916867205,corn
1.739607423219102,27.929550406801003,320.58380991879,7.028409114866816,0.14238338502977277,31.86245184888731,64.75225439927175,6.375099770165847,corn
1.4673709745550279,28.550879279319343,234.40046387849037,5.461454207275998,0.11747620695914096,32.62220087628923,72.4399662546973,2.4173442950752495,corn
1.7723590001663143,28.19964305609929,294.74877680061115,6.134326180462396,0.15966470031735513,21.24207025434435,78.76202799876374,5.0484488503007094,corn
1.641468893008788,42.67016997569202,313.0539564471298,7.25788611042653,0.1716471775816764,24.434171832356363,70.48792221487369,4.104273172332552,corn
1.481455532715495,35.1378082814221,246.00367328687994,6.552713151817721,0.1644896351427513,19.506460841902477,71.4390721599509,5.5474842006378005,corn
1.6192639191721032,29.553927378437354,245.74918717843244,6.026826968003876,0.13812427752198275,18.012164146514024,71.474663972493,1.3483486400987252,corn
1.4436672895351261,15.490705176258981,230.13255133378948,6.726848772580589,0.16320302228499806,27.15639065491823,67.87499259517175,0.6194588593218624,corn
1.9057788368209447,25.485723382483492,261.4173182636703,6.662000692676669,0.06708218904491317,34.11571700176916,60.92011738746029,5.115650338752949,corn
1.479538826126286,24.30172635550689,319.35794368385285,5.677898559577258,0.17027517227184769,24.347750473928933,71.19403325237919,5.797979029605137,corn
1.8429311269421351,31.34432539763793,233.0149924934966,6.252145502072673,0.17163779825149147,33.020615079803505,70.6463676615289,3.6200227299020713,corn
1.674156946099744,33.48930120387608,281.0730745462007,6.939833171037699,0.1459498554661684,31.540868629612035,60.712932248235205,4.189324639072467,corn
1.801648767888371,20.023399008957234,248.5769978993548,6.564287594534443,0.16581933759503142,31.15359368936077,37.123341847810785,0.6745860179221213,corn
1.9480619190679853,32.43987087826476,347.57113575555695,6.330452209780446,0.20191057388259562,38.13124609640407,37.57443034595409,0.6848523855778432,corn
1.4256424762447744,19.47741877326665,328.18488280290916,6.240547255359094,0.13549118908485108,33.17920102176185,72.82954927797692,2.8344148902107613,corn
1.8391679993878096,22.471157466709084,228.59248550015644,7.1070288759725235,0.13042937566164814,24.50038897406136,59.46148050581855,2.875691851697723,corn
0.7090973857224002,18.64507985107524,266.7940989938288,7.22557194812645,0.1839753444329265,24.4040687908071,63.46801900184674,0.6443403615495651,corn
1.5101823964450425,26.558347072004505,233.38736963110887,6.756965590182461,0.17370988439400772,29.75609820580455,91.43414831989016,5.069627787133054,corn
0.9101756973244823,19.624846886205177,257.2898993473345,5.865554878806173,0.15116120525806903,34.07043113842871,65.95912300651364,1.5790991231780933,corn
2.1007930359407077,26.781885033196364,257.6420276543083,6.527577793886836,0.17796254698701863,23.32114042881746,65.72731638150486,6.487081741919883,corn
2.031084047226774,23.087770915214634,260.71654890940493,7.314894210258718,0.1508765354288697,20.28181520876936,57.22619122137741,5.194115680224889,corn
1.5639646267128144,28.234045237728775,271.7239890768452,6.233256702643762,0.17755969535172045,33.63427020954603,70.10975860020498,5.049853633754541,corn
1.9932390677787595,32.38339920813174,310.9413264168934,5.18664884086294,0.1612131322545653,29.00982353511578,63.377520832522656,2.2934344046071913,corn
1.5535525520474849,23.573540361822623,275.1850828638655,6.80638556328478,0.15159071676553362,32.31899874183568,58.705860759491166,2.800977703958141,corn
1.6279211153606157,25.59674757554769,304.68163209813963,6.296237000802523,0.17865867293281662,31.69136627028024,45.455934465381404,3.8916400052020217,corn
1.6419907607291073,16.91897964170243,262.4331501612074,6.284437555113837,0.1095282404179892,33.650877065132185,66.50609813084358,0.0,corn
1.4334268954244627,26.054564685689975,254.92570001163503,5.942192309839212,0.12251802698893122,28.244623981372534,53.407800979630835,5.928470290099406,corn
1.7706837261040205,29.420683598716355,234.39354478912645,6.466779304839582,0.16208321696117062,27.746525251098667,45.70859831417419,3.9858624379993857,corn
0.8031005362328193,28.734279746092902,371.1415879400577,5.8163463767575205,0.1316351017201877,31.147709567247983,54.89067993834054,1.9357774636364402,corn
1.5172384426773409,28.915613235477057,299.08510796030134,6.120302571487086,0.1389249537550917,25.683453424140982,56.51519816231607,4.59830591026486,corn
2.0787426360908414,23.01220535606281,207.978574797655,6.358074491156844,0.13962834443507316,19.848646156388,49.00917044817137,0.2874754128330932,corn
1.5765437757174166,23.547920458575838,340.49090284099685,6.636407267970298,0.1242382616434177,21.49397868114362,59.400372643977484,1.2757341179150066,corn
1.5725498300372334,34.598680400517,245.5317798971205,5.98281262739716,0.0909634179413748,19.62904813639655,66.0283214547479,3.7355391782862117,corn
1.6661297686263032,19.44671910966227,299.27159071931453,6.098634751542343,0.09549146047081253,21.458878255393536,57.289250632098835,3.849638810893921,corn
1.0170828776211955,33.25524063018791,259.31132573816626,6.908928535084297,0.21025094174875508,25.521987916589005,57.37161681945497,5.152674906827275,corn
0.9918702286496974,34.46905590540353,257.2827514617447,6.14367933302134,0.12025902425326865,20.46330107749098,61.27792211688109,4.920345133312653,corn
1.5935592368827631,14.162663495967816,229.04605419589612,6.707975845443225,0.2242266462483972,26.250362173522454,69.5660953864061,4.007548380275585,corn
1.458672361548766,21.091730386837824,218.71038008899242,5.595141441428519,0.17621951217696685,31.254817536465158,62.73007772906374,2.726323494825157,corn
1.9533016312524072,41.29882573607588,181.3521401929226,6.735916233007736,0.16480194038015192,28.602831770946505,73.30601235304114,7.077783435350875,corn
1.5556718852980875,40.917597367979,206.9101795456931,6.85679500125133,0.10998009999865604,19.90606274096575,70.02706591783365,5.439873250571363,corn
1.397385101885687,31.356299080129226,227.31374279856075,7.0666403492305685,0.10818607659501599,28.034622373415683,68.43329546630585,4.420200481778426,corn
1.600476395126386,27.277406132200067,144.13338798302937,5.519513011574221,0.19490993674112808,30.474295613438702,81.29402912190778,4.12399732590283,corn
2.190479324513336,27.164730685358695,306.38803829095116,6.118992855881865,0.14071978642965077,31.52457545488211,47.644618872364795,7.049975746983506,corn
2.2448770329781693,27.9614584770454,322.0365486912582,6.078450032196719,0.151321037582943,28.18744525972123,58.3597694037757,5.407861051884417,corn
1.912629897967015,31.90294254955008,236.91865489787696,5.4860117676891225,0.17458965435998478,25.23052437975346,45.59799570355056,1.590813112791439,corn
1.5001176335385946,37.14209502221777,277.14630938694046,5.872167246804323,0.12221850014654481,22.03572632846709,52.761063704542494,4.3204565991762705,corn
1.9893646077529619,44.239828974576284,339.441568589009,6.110567149297293,0.1928981338687222,27.492876289659257,85.89153310810795,5.02951145368632,corn
1.426639968203344,33.7853791929097,224.36156894420054,6.022909100301277,0.14904044540340514,25.661236151892258,40.01593693928153,6.026439834065082,corn
2.5345837936682,20.56446357688088,320.8834432583958,5.38149852040257,0.15712043342359847,22.84932824169905,67.25656934143875,5.046230724410578,corn
1.1477051251197778,27.017795122756038,293.16668041619084,5.843032145581179,0.20338272041437816,33.42447976528598,59.310689942278685,6.836329270650562,corn
0.9197317182587041,24.312144486241166,284.09422061412806,6.96779603349347,0.198557244930347,31.898012154916643,65.4728367187231,5.377026308305939,corn
1.6105020545669755,19.191599189354076,300.6853657361839,6.741552450795113,0.15558489766527958,24.113157954255662,88.36411038208794,2.1366590797784815,corn
1.6252624636102666,23.788541008455148,257.54765637413834,7.081656917405351,0.17434682969691467,25.461375666634027,74.76125927443726,5.863105577702548,corn
1.5765517440441494,25.418576082091857,227.3674306835326,5.264009160026362,0.21428313916645517,23.456280290168195,51.090671356927416,2.3005461802975278,corn
1.2015838825662275,34.659591529443766,256.1244269528876,5.813966883389204,0.131797272642144,21.996714003096248,78.49454586052809,1.1430197977539938,corn
1.6287100507614083,30.93427857143194,276.56854721951834,6.535720812234986,0.15512937425653142,15.25630603018569,64.79842023114469,3.006914728246392,corn
1.1377061082234086,36.68348837170378,316.5824115208653,6.176021372878314,0.172509801393261,27.018848095862413,42.322433646667065,3.140111270368033,corn
1.9047198950743809,27.335065235713895,215.11133200673007,7.078677674114902,0.1722263586870501,21.201562534895743,58.1698306423721,3.1551220609570265,corn
1.25565348364111,32.56037118948046,235.606823927793,6.482196310343882,0.22244243157753496,23.654232614223393,51.762859293753465,4.0023195817531345,corn
1.4420624455472073,25.994539363426984,218.97316759271706,5.470362991014811,0.14622217067208604,20.534652524286276,51.781073562607205,9.679802521444909,corn
2.4480608720484467,42.260247151815776,246.1507586128329,5.740943707374675,0.17941409288795812,21.85506169634074,61.68417992148863,2.135456594376746,corn
1.9128618152726284,27.36154265365065,274.5478706233624,6.035782930285332,0.15305874965595073,17.93558779060101,63.790983561449494,3.37439371302763,corn
1.7458271881957945,25.17989055508994,215.2615064230895,6.4469290685724445,0.2111115762859378,26.28152350039674,86.38722347871128,0.0,corn
1.2967432670365784,26.384824924288143,200.01870796444751,4.757101820319017,0.16168904617541957,22.025685068328205,55.36027010725576,3.716015404610147,corn
1.5237694988722925,24.269285287870492,287.8736435144204,5.928579548008727,0.19978358015005193,33.12122559320666,46.00888416705173,2.249974528091631,corn
1.9229795260031117,20.36006831353182,234.04526751600488,6.494596198928428,0.19506001896600128,32.86883716826286,63.28654426523477,5.081674527196216,corn
1.7156290204638895,37.76830057073355,259.43851192654216,6.319070575162358,0.1531031831944829,20.527529042319806,49.39127037830959,0.0,corn
2.1146181041522722,39.76606315879594,182.50750633042938,6.909310457340692,0.17405848034944388,25.992305155008637,72.45216769845932,3.7965467649923026,corn
2.527923582556749,33.44315937165423,224.54501082490322,5.748497023055857,0.20826585055478763,25.672422351144938,62.40101669244997,4.29839773886269,corn
1.6232775275604787,34.937423272139846,217.49578519625052,5.019951906395004,0.14052736200372293,23.026150465221885,57.35618317732246,0.6731899098968377,corn
1.2699985404990153,19.26645498167161,303.1074849968768,5.7471942375821445,0.1519634794763382,34.18551490271286,60.92140083837067,4.74872421260609,corn
1.9522325413926036,31.451061305172185,233.75846943980252,5.77484282363049,0.20518229129812973,27.9404336224304,56.384742350353505,3.2951102346980603,corn
1.5818520875321271,17.333475644174214,281.7235617428771,7.02670446665251,0.1370501984591387,22.795374198963327,60.05154920485363,3.602860214260036,corn
2.305936553098309,33.10188220412633,268.06674730896873,6.031730227427816,0.16268995074513917,26.07830179954166,51.03385788654018,3.1444225938314885,corn
1.7543923774764605,21.57558575055819,200.76147993570962,6.305754912076265,0.1460357689921982,18.393669737713054,79.27102701472413,6.35143985723584,corn
2.3299091812754673,25.259239124332055,285.6758312023006,7.1354700054215625,0.178972247236545,32.75386457463104,66.91909056891754,3.0262975080463352,corn
1.7641236260509943,30.951807856987095,290.6316224480851,7.0545182233839325,0.16556058331639814,25.927334976344564,79.14125939566374,3.701180487198844,corn
1.3127522181135751,33.68842323349843,163.97155616267096,7.07225752753235,0.18959652313925388,27.002273082809698,78.70583177801178,3.197238543757183,corn
1.7050886160803251,19.383118321546817,204.46429250460739,6.667006811455848,0.14560679635420698,21.27731485083526,76.13745814957609,3.8365233323137153,corn
1.3666765708763569,27.020847087870568,327.6981572361718,7.047260317512019,0.16182918344416644,30.216985917055943,58.02801674194365,7.598617003935335,corn
2.0582899678648987,25.84664252759507,268.98815823831364,6.953094618893046,0.19377044625207487,32.04084235102047,73.22012199261894,4.691131249812523,corn
1.0422956036678246,36.77865274404551,244.81639241569718,6.546971791658544,0.15903267081392733,32.26118162826114,59.920727058579416,1.6709063876230932,corn
2.113569103036614,32.1806352182221,329.4913644054868,6.37297542064297,0.17191112847754686,31.514053113843232,52.76776525706148,0.9040857404997333,corn
1.3114066294736901,24.165222098801298,340.1686264051035,7.941231346842335,0.1526676059329983,27.464055262254,61.165116896521084,3.5131248499037877,corn
1.719757990153325,30.04324537428714,244.1379397255891,6.333670014854133,0.13884708558809045,23.338911732161815,60.19658053836541,5.382932675485863,corn
1.7700805840852034,24.85003544981145,303.7053144671736,6.4361603834630685,0.19348857783211337,26.04912069441263,86.61661285922241,6.7946929123864015,corn
1.8542079084126737,36.650809025390444,230.94554078379323,7.444018601196721,0.11714496052209371,27.39990441086332,57.63897095469065,0.18708079160769175,corn
1.1462293089628919,25.388871092197693,281.92391174892174,6.177838672761339,0.19282905890052976,25.361647962501095,53.89059563387329,6.718142602719511,corn
2.022429025570775,26.524052418834863,187.43135216497012,5.745830463726142,0.1419072580871322,27.378433330761347,79.38088365258612,4.143198347922421,corn
1.701795030916902,30.584902045287727,206.88665658595534,7.075137668004264,0.21319715244776424,29.62138927699189,83.57490285365463,3.4996929060269504,corn
1.6026762326966344,36.219164156786455,252.32439101891796,6.032383350214493,0.22241156757332683,26.227585852426568,55.36024089298307,3.97749489049567,corn
0.8500713473951844,34.27152046827073,320.6584991457039,5.653668214802849,0.1365017636854525,36.28978214486337,76.59611413186292,3.337678449615878,corn
1.5415726680654744,30.40795935219533,323.9240958699574,6.864912020383196,0.17977771326784453,25.980128926796894,83.519035035508,5.164332926115393,corn
1.215536607915978,25.666396138041186,341.09907696959465,5.3098508989748945,0.12294285971817401,29.74008875452559,63.34907473180656,1.7305484066768475,corn
0.37378524090269516,26.01141630574933,313.10760869768944,5.799677333472734,0.11985298628823349,30.872911589706124,81.83093985798183,2.2416317888059942,corn
1.4782914993013718,18.89189594765616,259.9297418863771,5.950991494422982,0.15405719919821612,14.754924239428844,75.99875826286707,0.3089414771450336,corn
1.1276854587603462,26.55480426028058,169.14140569717728,5.431026522221199,0.1269608379411652,17.805063892747402,56.52398472715194,3.7897343901173337,corn
2.1961944112504383,33.21749502525424,149.32905317750766,6.2728100656099155,0.12977911381588794,29.278162634708693,60.88517349803207,4.7007574547791675,corn
1.82757503732499,25.661081663983175,185.56333300025636,6.151015874389137,0.1817825864838038,29.844605356274908,62.75541505522184,5.333018259171396,corn
1.5658749841391064,20.239202783677978,267.7903224626643,6.900990455040572,0.20586171326876757,24.072055475558773,66.47639157447715,3.5224776143224052,corn
1.1276202731454081,29.914194899637067,217.91723310683247,6.44144190786915,0.13663617821507362,24.037610132062778,64.259000554661,4.161523064010058,corn
1.7732715832474701,25.548860139062235,247.29849509931472,6.619658864739913,0.14528914971993562,27.10511397273297,58.095112324284855,3.8961850934938194,corn
1.888193100803366,32.869118130504155,296.767684804747,7.127542239251466,0.16525350466686442,31.95910814947994,61.13262805236827,6.014509212807765,corn
1.8643007385128274,37.981547725893094,297.5076006420304,6.806859176801251,0.1710726912351928,24.48507637682543,57.23386952738862,5.696281630982844,corn
1.151521724784988,37.38470969317634,269.28323720074025,6.768800483596108,0.19394650170386982,28.253468102156827,64.01498958616395,0.0,corn
1.7245443656729331,31.37894116729234,193.9884139706812,6.515152688640008,0.156373081938205,32.20215460435137,44.535151407081514,2.8888303160021778,corn
1.5310300015970322,22.814524713288982,268.3978158376485,5.165200322403515,0.08063538898027423,26.867593191958132,71.57324298074232,2.3449851115148825,corn
1.7290360950206667,29.82371767271465,285.93590509152347,6.446232066537657,0.10022536204780255,26.999950025744663,66.53062653313893,7.001377199793975,corn
1.0756920249201989,41.75062364398051,256.2105477360441,5.761516480231397,0.15009002878535824,32.59155461064211,65.61964037304377,2.4944109487283184,corn
1.8408200204596092,33.873702841554945,260.25722970588566,7.4237104604083575,0.23391159718833865,14.896242106113338,65.36976061356144,7.706982693303414,corn
1.7745324486884633,36.90514600530756,285.727137543922,5.53285236916345,0.13787191112497044,26.953639593950935,81.03302591002308,3.8748530304972535,corn
1.432289402405906,24.760423513324127,268.48343319143834,6.523989016752414,0.24037575871116854,26.30647854580511,50.13625895973,5.236801425653312,corn
1.6952165184709151,29.049386446198397,227.85108173925892,6.682354468088918,0.14300486446804755,24.304365677234582,57.93537904966166,5.957723901154161,corn
1.098019530615613,27.46599421385489,248.07621073135658,6.847853402312346,0.15378973379800612,31.56409101638286,55.829485095235015,4.864501603704777,corn
1.6966541442746474,28.510380412206537,330.41290652240724,6.719004037862064,0.1693612945310433,32.49090269632672,69.6411731941616,3.498690961804122,corn
1.9391541415469287,41.39855446869245,234.90384332326818,6.78643712815331,0.16476242921072465,27.474253092831834,42.37064030156817,2.7280499820890745,corn
1.3188965580211363,36.60964894309715,209.65119725198306,7.197254913374038,0.1268161975440541,26.13077340798107,60.16696585868006,2.887670690553977,corn
1.0544387091590255,36.34512897987161,310.58456043273503,7.122631821004598,0.1938394102624016,31.559914053066628,79.89542451704423,2.4717361199441568,corn
1.7998440483067608,36.7221818024003,275.8445225291446,6.293193232489883,0.12928904804656507,25.678038207624095,59.4035357969642,0.0,corn
1.7660677502160518,37.151336645088655,288.2538571293996,6.506401650099048,0.13462914176436336,25.809865871792432,81.84444321275384,1.2648702554890625,corn
2.392866719653095,18.98772587572445,298.774279310989,5.998528455571412,0.1443112462325592,16.236725282912737,76.39079627413614,4.860186111339834,corn
1.9764210388266261,25.02920394550236,320.2736658656722,6.511157586267127,0.15395645488687593,24.518771797147224,79.88052541304683,4.728061670067827,corn
1.7482502746084305,19.125592403782278,257.35886321830424,5.797046271305742,0.1317833078557624,17.73388508149094,72.10374053045778,3.7859874793264887,corn
1.6015758989458224,22.092254866047185,268.3582006319758,5.80301218436178,0.1569941854244308,30.160178031473713,69.50681843744337,5.183651811334696,corn
1.3636007356048712,16.349655437309984,272.5336033634076,5.75994256041232,0.1487954021688454,21.112077823280273,62.21180123247484,5.332364527380385,corn
1.4849682212856934,20.655012069679763,266.54022207289984,6.561273624006849,0.16073110854417538,28.408138104416743,79.86319140983287,7.327076662343781,corn
1.849402986184591,25.897061803665657,276.2934131099421,5.567392178679371,0.16040621366237123,36.31090429838148,64.37975288852253,3.977169152176557,corn
1.3257297791409417,34.69335496301193,247.2332264449706,6.583312931508118,0.14779565440004858,20.93327215283562,62.85426293088473,1.9823949990904453,corn
1.3629135440795808,24.573441228096133,337.4889480521406,6.788654417355029,0.17103271069980294,23.854715705217586,72.30603752030974,3.7296445246276293,corn
2.0276850242839335,26.67786418341064,337.40157491327335,6.261464022115985,0.1631640948881252,24.671282241942126,64.6871284446565,2.038579799587274,corn
1.1982782828150138,18.02582708344248,222.16064204930314,5.832738021333654,0.17007731069413906,23.776406507031695,63.13361909469462,6.622021816751687,corn
1.8076664858413443,18.620286402695587,278.2565319334766,6.7613062168145195,0.1550171346387628,22.257928708974777,69.34844161623614,3.4883830901545534,corn
1.6933975201453277,31.48823584066982,278.8885600505441,6.104569288803992,0.10350400410059218,27.481388944169076,63.514674669236584,3.6700112775290368,corn
1.7139159607003727,31.205650631715002,211.5404792208405,6.9064272162902025,0.17226669591519517,27.81728030406268,65.78362758792505,8.378314542640656,corn
1.7580864437816852,27.48982900740832,188.5353111266502,6.238146277149904,0.17696095893896613,20.64728169799985,63.232710740611495,4.28409391818917,corn
1.87498892197542,18.968339148396286,251.71647085027143,6.258565229906965,0.1601522624991224,29.089114709520015,75.53141847456897,6.194722821299289,corn
2.5083462342079423,29.323705889836468,280.5864725193873,6.325127167871908,0.15723140877351008,22.47258194963997,62.868749714481474,2.702993603932196,corn
1.1531423369207747,28.94693916512211,234.76912351058215,6.522726969215954,0.15003528861695728,29.52303492433684,82.29406517089282,5.0556543261044755,corn
1.475156211724339,25.791899135597813,269.50766340625756,6.150911641150326,0.14787208375562358,32.72916832963663,68.43169881610636,3.0531395075694934,corn
1.6656956197417392,27.30661146008423,237.2058564459918,6.549754036922643,0.1459697603562641,24.036150447546827,73.57022402794593,2.641512082666735,corn
2.0863002288891312,20.57775954190109,280.8692487529321,6.63737761829935,0.17248358771733663,28.477893820294874,75.85230161626231,3.484966754362359,corn
1.4687366706187004,25.998580482152533,349.5981417438578,5.775325119484083,0.19777610834789913,22.84573939471406,71.44445215096805,6.212403241232744,corn
1.1721257474592535,22.69812870152228,299.1652229307003,7.120844372333853,0.1394467905921066,35.743356523639214,61.74203654991084,4.763534655489891,corn
2.0455826347565873,23.562167380981084,334.91213537851627,5.9518933933054665,0.15664153776102,25.065582930131924,92.90599421428838,4.063674214990072,corn
1.9039990663550215,35.04576707515206,240.86542761177753,6.939917850873912,0.14900108266012557,18.36784377913566,60.56115626031842,4.10087372713097,corn
0.81732999942515,20.858906810537718,256.5127930538588,6.657090595764579,0.18216472036440054,26.89594515987638,57.104123190237225,5.159936327781449,corn
1.1222668882739737,32.2488527259745,191.47271443668467,6.948571403027858,0.12845287496429503,34.790980580692725,59.883456774967705,2.762771782896137,corn
1.2420658697526201,31.440910957170875,205.75379095930595,6.2441831082215975,0.17495977359757872,22.560505232393538,54.02893134973528,2.980297350031151,corn
1.124903806160183,23.66301086267207,259.24366787949504,5.465002024111834,0.16024635361612874,27.377190232813618,67.23071803909434,3.9857558308630905,corn
0.778509627783179,22.589984477371047,273.86457759813834,6.299735051328591,0.12024084440108525,34.88546289146976,79.85726487715174,1.2535644931719432,corn
1.5458756262646958,31.21649049395152,332.6775293318269,5.122993244330932,0.18228001629803406,25.062005776823458,66.91124149185723,3.4013125448989396,corn
2.1801481596800096,39.68930368727553,247.50293330290998,5.84010868168839,0.24935580513790045,29.13268430259064,52.08502502996492,6.244106081731292,corn
1.528587723761196,25.99528410973793,307.50751189615715,5.365414292590953,0.1927716757792311,27.898739406809938,69.22600279643554,4.381429188167826,corn
1.01802507204948,23.367707673362933,276.8286383887017,6.707684020124857,0.15764813622531326,18.703935511579182,61.78437664520212,2.3998292318730776,corn
1.3302994056912678,30.8724554642241,273.596537462837,5.492984200289685,0.15533425613967589,29.83358369686549,67.25042908069376,3.652881415545351,corn
1.6029473824507787,20.902102024674566,344.894493162342,6.477411687160544,0.1295128181549157,17.75903271513717,43.7219084889,2.744441552452545,corn
1.9610283087430482,24.554377990724678,248.0652917001336,5.790531337856341,0.21202434601551096,38.206587893316865,32.16209908949707,3.2560959314392868,corn
1.7706356580628568,30.930088846567966,236.8114562237109,6.1131362912449685,0.18344794803761633,34.56965490973693,43.53970586878291,2.602191766992661,corn
1.7597974995612362,21.83600296257766,235.0626317028256,7.1929851516764485,0.16980087205936664,24.34569922961591,70.69297620607577,1.2756598899147988,corn
1.6570608615554836,30.70265346836071,314.0161687866708,6.783124211762624,0.16476228077097152,26.020385827134444,61.987765488109005,6.446937215600542,corn
2.0327489260185505,31.22797291100429,261.58528203773625,5.8844405801781345,0.11268892823393727,24.724269620752732,74.30724834588403,4.3198859811437575,corn
2.0466260806597782,26.869221230014634,186.76332363339355,5.986587576915391,0.18917631734241952,28.230282041031575,66.4683645284234,3.9092942851776225,corn
1.4229133013922464,31.831057417239325,236.23472585819098,6.635937605536688,0.1606516105858554,18.958494280207276,83.43803673849014,3.490510387494209,corn
1.8930321713319516,31.524847594063125,258.88513768328284,6.123519689732857,0.16705741817628061,24.331581912066707,54.94741102895552,2.9779870971612543,corn
1.0140750248212589,21.943454556721946,253.5655633705922,6.733102197848278,0.08912436655120375,29.390066748876595,80.91657008172855,5.761470511252542,corn
2.0749872780233147,20.76674880185167,216.39862715391652,5.553518871009675,0.2077877718279781,37.915420465332886,45.71791138749466,3.6696959794920367,corn
1.1310141535946088,16.727773104580287,217.10931909204774,7.2836638696588665,0.1424444082558114,31.006158393286995,72.86947737147754,2.3298586038747633,corn
2.0668658462022544,21.4363889172376,236.5627046103708,6.66644225998249,0.14937272569520374,25.73781622907675,74.70943923852143,6.299493129984349,corn
0.9674853691359165,28.168781772771926,316.82925221080916,7.347286919065473,0.07178447623917854,23.15457503080116,66.00602858475666,3.162437516137827,corn
1.8521319938954437,30.902364115941946,284.4466673436363,6.256645034379695,0.1537437567903305,31.666504797963196,71.38665612833299,4.66830697369001,corn
1.6371519965743695,23.40933775377715,225.87824884326852,6.477163000544047,0.19624729793090628,21.92858544725926,68.92200548885948,4.7946846853818315,corn
1.5096482051860503,27.286148178156406,288.81697226094497,5.929582587322079,0.20864954411034842,18.269099839263436,72.90541967929222,5.385245581347489,corn
2.0841507910139763,15.760151362407345,212.2201210991966,7.0476958617111976,0.1326861667529331,26.854242659909637,77.89755974754539,1.8648491639598062,corn
1.2347016225771168,22.073740115747203,258.10304698534037,5.951076175410544,0.16191299632219636,26.430747715641125,70.99918305075647,2.6780160300892395,corn
1.7926874532433246,33.077590744524315,300.00247621944374,6.66328557513804,0.14492513817584027,27.520191946395496,48.18272273306727,4.610310052162795,corn
1.9168148850225633,24.06065837105013,322.64457012638337,6.89981647158382,0.22874682697832144,21.39497159410071,65.91420565690107,2.6746154260694475,corn
1.4548406128848956,32.61393749466295,311.92666931052116,6.384503015489009,0.14824598007719036,21.567266296414104,64.40538848687684,4.549957919465345,corn
1.8201493143015457,33.60926372322698,234.84065229954882,5.993376635034768,0.2065341804004527,28.32549881205826,44.42785537837584,7.2082273642331876,corn
1.360736137464076,32.864438250170565,245.20365803349364,6.433270900437862,0.218387261943281,17.893340451021395,61.14749179766772,2.549569435200539,corn
1.5037630085625249,26.11232453403122,301.5864339694244,6.657775043672067,0.14347970568287122,34.530328026705995,75.10634120472838,2.2351729779872143,corn
1.4687835308276358,23.92987842232605,269.6082886493268,6.16886037335059,0.18610053104098648,24.3493091869231,65.14357769861364,2.8010231447341614,corn
1.3869204675286428,33.076018459764015,192.05238967919684,6.540578510027773,0.18877068550773002,33.53889163864097,53.72658674467282,6.431957797423876,corn
1.5620687789445158,28.54389223752352,272.5186531933339,5.608344395554084,0.20588426895347972,30.486934271764106,57.10541410663606,2.81758817685292,corn
2.424680386922641,26.786125249718612,256.6920408368508,5.420755667482915,0.15188639295026052,29.610029592230077,58.448392842926694,4.290189028165713,corn
1.7131049116840817,25.78114301245799,305.1431662937815,6.285086157108665,0.15702119184791452,26.944361285466,43.40080218802308,5.155705498836039,corn
1.8691224794710957,32.65529690852406,280.0032128009253,6.34817964864834,0.179059943289764,40.63172612857789,51.77523455988416,5.208555279295308,corn
1.7714555932834748,33.04938193930936,195.81738007746497,7.6081619414243535,0.20518049302859606,25.841936593783373,86.91211777616344,4.330661070180998,corn
2.3418468227295026,29.298255215045256,169.48900045533722,6.384187790771473,0.14414473836026032,20.129375686536914,53.13364142692526,4.561165503277884,corn
1.3378413459710534,34.00831792121142,184.21721867694808,6.251852198214913,0.17647206765550233,29.03239112799635,58.25766605404378,4.542790691097804,corn
1.2376833652301833,23.78508142796582,196.0657770218664,7.184895932579554,0.14586150976040066,22.031286279483187,61.536225771345194,6.723110703788413,corn
2.2153184690989542,22.63667944547987,341.45361532695136,6.36835039872533,0.200283437729269,31.395457677815802,55.7992543078902,2.626340689279451,corn
1.0159057633746285,28.226218089563726,278.5058798997237,6.2785992530322075,0.1166390407185004,29.26963129257822,74.72164649468343,4.336981966248833,corn
1.3817100220188303,30.037665634273026,217.69833146486857,6.5652869386603205,0.17322048523984174,32.304413262889575,87.3025987922118,7.691059568708388,corn
1.9098040586281753,24.815247808737833,290.05689151023853,5.554118075054735,0.15975972185193826,26.38312737280537,58.97143276077459,5.00926874238435,corn
1.449065827342438,40.07181821427682,252.1826759947649,7.540966893006783,0.17013709732376023,22.031520275599277,66.36642342440696,8.287634639245665,corn
1.5467864631796173,28.5429280624561,284.8651902572175,6.877286411088946,0.18637996768771273,18.541431601976008,56.22702868168848,2.938439563587811,corn
2.663870988077275,23.214661883978025,266.22081887744196,8.014588793357454,0.17774398844538844,33.72880209564208,75.22072334701791,0.833425808746203,corn
1.4377100248825552,26.519022908576837,178.83734687799426,5.15253908652985,0.1949559477259252,36.6084641218476,52.205077569091216,3.767594064939939,corn
2.109922013602183,34.31573475330037,196.44187821339716,6.377327383119421,0.17439602614409735,17.600225599156577,58.5084989785296,2.8860947522008757,corn
0.7936635125433993,23.227977595258096,265.7039815563928,6.654377440856764,0.1144797546312567,29.6973667233582,62.62532872446661,3.7372071404933864,corn
1.3924829803381666,14.971797010661142,298.8773555994177,6.679789081075884,0.15910927836274735,24.358330664069673,48.755967479350915,4.810476601222509,corn
1.4371937507563401,31.455955487008893,290.2643612369863,6.098644399421057,0.13439161523691096,26.172188640698234,68.95256755682057,0.5500623553226158,corn
1.6656232949512844,19.267777268657785,243.56487189375986,7.785546037653045,0.12524549110482694,21.880581364197845,60.075508047351676,3.5531143295067102,corn
1.1442938094070176,30.05151088236018,288.67533229881275,6.70464409300253,0.17218043789542103,25.643335063060036,53.64256356702708,4.0684762133923424,corn
1.783590418777166,22.922739388635947,250.5326007234786,6.40711646345669,0.23924332422744465,32.641060005840714,81.23505036839792,5.406925808834616,corn
1.3849633670837684,31.67457767533223,328.6146350191134,5.805628966129494,0.16213313891040296,27.64555390210168,71.72998086530855,6.3331185974940265,corn
1.5306528373720307,27.057905586298062,401.7065956221852,6.111880671759796,0.11195337614454653,27.69623664222314,58.25131850964892,3.661826417135482,corn
1.5582877726530178,14.306058338518264,263.87392278638345,6.5375958410969925,0.20147166616266085,27.863633798365374,78.87587031290234,7.283803010364291,corn
1.7838303693882405,30.770877566111608,245.15861090350373,6.773514594560602,0.14843310048665256,15.260594448795386,63.482810304125366,6.278538264457003,corn
1.9101415205417007,26.390999431434118,224.37576663808892,6.24071140873118,0.1587634354366285,21.15123291858567,52.91026140556359,3.83942512298644,corn
1.6755409251160087,31.4635134476881,223.77455529280488,5.243030237782206,0.153215118088624,31.899745438904304,47.29627318881185,2.2886646000744824,corn
1.3651856617665497,37.87837721245552,309.8749116635416,6.201178144620987,0.18723546427433777,23.475597863174073,64.5948896733632,0.32123501221140804,corn
1.2572084978096878,22.275849957730394,207.41542815013224,6.733629895544245,0.12520202414086123,32.03650480745746,71.67626940313822,4.475434837720091,corn
2.0094793962404562,29.511752422804335,227.9406355935604,6.14037790808413,0.18334567603504082,20.622476508814703,75.91616632670275,3.5950676261754886,corn
1.8165466832729742,28.706694028344685,224.89454658695018,7.352708858683988,0.1514849232191303,28.513593296431946,58.612304838954394,2.3913176177031463,corn
1.6329637514570068,24.98779205718989,257.2167134113535,6.480713334080637,0.14137472948000998,31.922401003736752,72.20205726359478,0.0,corn
1.2801334153752637,25.76330307005235,215.80499813261474,5.961594520479247,0.18254822002610027,29.431851117698397,45.62559551317633,1.399531541798797,corn
1.6879292493954428,26.175878774891856,296.788389095503,6.007855179971904,0.1611923189246367,22.630631240868745,61.60878860195243,5.198740732892661,corn
1.7337750073103417,21.332658842961443,306.97348882136953,6.361621702617926,0.17524987352675417,29.153854619385285,59.52407069718865,5.740202259114695,corn
1.3457045556808804,25.7297978535742,205.10621641244722,5.472567478582918,0.23688059151849966,26.167193513586945,60.064013813400976,7.750525679385171,corn
0.9901392677334615,35.31726726274979,271.06396671370584,6.316511664703372,0.15184576251963558,25.502594451774076,82.86727619096592,6.027043677729484,corn
1.5530836986744705,23.259246625037424,261.0557065247051,5.79336201684302,0.13155022573520994,25.494806792140363,55.86848786380527,2.7031219133293876,corn
1.4727811094212317,21.76379412718837,328.3387322628606,5.123606912243815,0.18448386758322294,30.34348197238347,62.84181294746267,3.6707241125742094,corn
1.6483317607546706,28.256799486773854,291.3772942880479,6.725088010299267,0.14569390903079768,22.057319796441853,68.75746563421127,5.1423871192694985,corn
1.8744653013789991,24.683305200911963,371.40230357076626,5.36136613172082,0.22448677020827984,22.952152880613948,63.72019175714302,7.49990834155432,corn
2.2512207098551045,37.33082845018343,295.8340071023145,6.64360401715671,0.11136956403483741,21.047580075321996,64.08488737460735,5.212699146858094,corn
1.85211185324416,33.07730168986123,322.80170464440437,7.251027514195503,0.1613958553177965,16.543750990246274,77.10795015700057,3.56004557343328,corn
1.4310737149352843,29.006145478471044,201.7838823007629,6.2640818472580735,0.10932521327952646,15.389158742797251,56.51110676509644,6.915239588027747,corn
1.6414392396174613,32.64185051748811,254.64128147478272,6.638997629227255,0.09366426037910576,23.34986700786463,54.46307304491301,1.2525961147862734,corn
1.6385982252553843,30.326070685587773,275.617469776633,6.362666070724353,0.18434279145295093,27.2875019895805,68.23097959641217,2.8272905451665618,corn
1.7896323496575772,30.506422753863543,213.5626958679765,6.0042059492956845,0.19727490601127384,20.434781248319865,59.999583320415475,6.036382104574955,corn
1.8352935982507277,33.855700034739236,287.1296794548301,6.183381800120553,0.09771907746267439,37.267035155748275,74.71836394162835,2.227984437348272,corn
1.6423495076614112,24.19695301235034,255.30970624742096,6.753877655956894,0.13516393514716718,36.45292864100229,60.962801197846,3.0933940496703136,corn
2.0122185843818396,21.03883285037211,265.65123179970453,7.669210937867622,0.16324883415426295,28.111185447360445,58.07310661007844,2.13228143783737,corn
1.5217570210800841,41.65924367093726,301.30554090356856,6.72136321968026,0.18416836037723763,31.79127065032243,61.03866646384746,3.9670899480562065,corn
1.5775365799636711,30.694975524780496,216.56582756752906,5.617251725137888,0.13418156341284415,28.950258432021094,51.805728054528615,5.541552934024426,corn
1.1987187204923238,26.70731652512704,197.80221277363944,6.76778223078961,0.10637861143545888,16.950321279540226,65.75334533944576,4.648882672920603,corn
1.8684693004214918,29.04965101468284,279.01677718965135,6.511330456957116,0.16717575491754058,33.88167192697493,62.44947973980603,2.0509655695028375,corn
2.0580072667252765,33.80338620449207,285.8544844427254,6.0743496959185,0.17687814614569097,35.43870015212114,59.30608419518702,5.347872717900879,corn
0.9316317846000391,29.445972183761597,284.1685114615499,6.696141236224157,0.167802276353304,18.582512187719615,51.09714759166613,7.0952447591995655,tomato
1.4217564478593296,40.20700917300986,266.26907422473,6.463353574058027,0.19565187335878248,22.372655208667314,73.57098574515831,3.1813682774409178,tomato
1.2897363630457923,38.24000358754108,238.43659710596978,6.539245343195839,0.15050309148321458,15.160307622255509,33.662421042752015,0.05677521133278063,tomato
1.04889607370159,31.533764528671888,240.3388060974782,6.588768749560064,0.19901140284488117,18.12586221955894,82.7522685579809,2.7713047445521135,tomato
1.1908704600780875,34.425962108288736,252.09124783577556,6.512163274645023,0.16077987879667668,31.686780473676382,41.308390195706615,3.9558892222063005,tomato
1.6694292247433808,34.70338246340702,197.32078220657297,6.348409236292724,0.21252109767664834,24.396819735588803,53.736160538970914,0.0,tomato
1.5059473704676367,23.30757651156656,289.4781542103576,5.834282727003389,0.22044012239394062,28.95057320122744,59.66487472959032,2.5944865820789045,tomato
2.083181551599125,33.41849088088165,226.59041389037884,6.020726689437707,0.15380145110992477,24.050979882870042,58.17691835151019,0.0,tomato
1.033141184015646,42.658768965252506,278.702371338134,7.701261858956408,0.12156470635394542,14.071032455498543,72.9593950938675,0.8975243406671862,tomato
1.7081752302556434,31.122043363018488,293.1785593835058,6.109881383875134,0.17493198426368473,31.503456967226995,69.11220869407786,1.711052168049016,tomato
0.4291182727936155,44.52192403038661,235.25221790535923,6.461894798768556,0.14815835956620546,23.423094912997616,50.26572243657558,1.616692417603627,tomato
0.5174934816525143,39.39243629807701,249.75952052829464,5.8224563617531455,0.2203908728876301,22.879358728827725,54.699997680031906,0.9400595602163642,tomato
1.935513179696752,47.67359605523248,192.62961885401018,5.677886251630961,0.17045428010455074,27.89133902063962,60.65468121172668,2.662633502037401,tomato
1.6761039462439347,36.24554204884095,227.59373317737462,6.190488938406645,0.16724277425285874,28.981255743102615,59.77018989542095,2.9394333400387267,tomato
1.39707287043895,40.571178495824945,221.5175240395543,7.461809490459528,0.14961048484130662,16.624725494696825,62.85954539797615,3.7016331702010508,tomato
1.2496684948873804,54.732627828968525,259.6117789831931,7.051821938700084,0.20150320186237078,25.706873716501413,48.928557609550154,3.31395458157231,tomato
1.5884004982908957,27.0918318831218,136.14364655284237,7.032483251142288,0.20222138641261916,26.250150391553003,56.67604547318174,4.634055513903045,tomato
0.9143863003021112,31.465173556328732,213.99538055241905,7.007986713396236,0.17050134256770652,20.95286406188122,70.03876819388712,4.914477698401747,tomato
1.3533059538493055,37.40876764501268,182.16170106977273,5.956658889658823,0.14740986321541594,22.620993371648247,69.14629232042579,1.4931683368302442,tomato
1.643485049269751,39.956741158878394,199.2858293036258,7.593059434132572,0.17083894942499264,18.53388084070231,48.73713964477133,3.9171302080869124,tomato
1.329917646826984,35.75970337228749,134.5654669348309,5.754523105026802,0.1283325270677773,28.002472749358873,52.36993887583566,1.8759010797539775,tomato
1.4193719492824157,42.181636583690995,279.26266379796164,6.83868545969394,0.15327461604051926,22.33145117357367,60.401650140551254,1.0037930999670492,tomato
1.3686475495786077,35.375514424126784,272.42260425297053,5.155534960305655,0.16866301387579888,24.413441122270466,81.26582035400016,4.268304033764121,tomato
1.2144975671164024,30.62998427410387,270.52057249548807,6.585617506085853,0.148812686536441,24.52113883241144,78.28614031091762,4.225862866453032,tomato
1.137541687913613,26.24959050051752,268.81078327990866,6.4329263279241236,0.2154734573662137,30.46176197967358,51.46742418776465,3.0419664785323897,tomato
1.0918661058407126,24.52235940057921,227.79293849426153,6.791533241275384,0.18397268162996092,23.961281171039555,41.77216531282789,3.2880368362217105,tomato
1.4022223747899494,35.033464116865815,221.83269753135932,6.115037422614697,0.19941323876735706,25.932602086905945,37.614971540306755,3.6211647361057255,tomato
1.2888593055737487,35.70199506785444,273.04417046657534,6.723279474742632,0.24446268313404826,22.99481506731531,68.22597721254458,0.8904222988941415,tomato
1.6304336467379805,26.83102307710712,279.54110434872786,5.657083751924671,0.13465603543399624,26.931969337661165,68.82970842700337,6.389475748047921,tomato
1.282362757760343,31.931416928702763,237.03680000816763,5.546293371145469,0.1513550350509455,24.617634060166626,44.97324311023621,0.0,tomato
0.8809689091409414,35.393601647212435,186.04025023580596,6.886192245764159,0.20839405248358223,27.242840051002293,57.45452523019445,3.216725204905758,tomato
0.9651977873591513,37.06015834204765,278.1254792448612,6.335253014181668,0.1346657568769145,15.638961721626146,57.41594774251077,2.5961975311127747,tomato
2.1491738200669106,26.51263911806801,169.34943733073084,6.492568771112533,0.1633372829833584,37.94716319606819,45.2043981896567,6.068191556381951,tomato
1.075870220061332,34.888068335820975,227.8356005325102,5.7252614545071685,0.22720139616813234,26.806266724136854,48.577317223270825,5.556712796392178,tomato
1.1048636336437283,43.051514972759016,248.3066187019287,5.828196723747841,0.1823529653314518,19.7655608150502,38.998517407860696,5.753004351299359,tomato
1.1917041899956808,30.38855916249694,175.0297258919162,6.455385420412614,0.10881254467941011,18.734409238222785,62.32815645020091,0.5891348403758121,tomato
1.6128742675306127,38.85790673490091,279.98846275019895,6.145803721395168,0.15366930785326005,20.57835225226964,82.52987649495412,4.089109471212944,tomato
1.4851920275253068,37.27526994241553,322.4616971186577,7.166436347006347,0.1215252585463069,25.247149993487284,81.6699435269682,2.5743360352515348,tomato
1.3720131685130743,30.617135233662133,262.48915237714976,6.0815496741077375,0.2258606699307909,18.74940419236379,56.16326414475827,3.351250138023729,tomato
1.268346580418634,33.08699118989503,250.0034457645861,6.1084397739120275,0.18400573987740174,17.194820081233033,74.6787822974433,0.0,tomato
1.1655936525849344,43.38053514229018,142.9963937061626,7.551343437644106,0.1591015754764923,22.507540207490294,59.79820974014374,5.145225705587784,tomato
1.3472584526868943,38.918710500292796,283.2948662062619,7.236580815812324,0.1882427649299329,20.95182444152393,45.29833297697635,1.6103746098151173,tomato
1.2845039413071346,31.46935204309981,275.0492988421758,5.119866020565428,0.15723083279969746,27.954040756592946,55.55938359637934,2.776985218527355,tomato
1.6239350656076088,43.917894630904584,294.6900328219431,5.843563503708356,0.11386646121764937,24.227072916720058,47.71049016819375,2.030342342063027,tomato
1.1092305112519716,41.67322825132067,217.13636342024242,6.18217902400965,0.2137242839276436,26.16272779741582,56.72382640330187,3.5384095137822897,tomato
1.9390460277453405,39.94070862144657,233.27302454730255,6.586882380425621,0.18578066006472124,30.731947897289086,55.839398411010976,4.244263127745531,tomato
2.1366865963082002,30.05645411804246,239.39096810059414,7.23525055674263,0.2445330136599936,28.19415637456305,64.63649669243509,2.8430819729951105,tomato
0.7898089704342982,29.64065523676251,288.19744779250306,6.006474944298529,0.1703643839325159,25.01044648701779,58.11618668313925,2.082635107665652,tomato
0.6313308689259929,37.429799422006454,239.09044096312553,6.447537271778562,0.16570107746433643,27.307897790788623,49.65889578483727,5.933574768753465,tomato
1.6823093139319125,40.79710420266222,229.66099381103723,4.944232677458764,0.1427910841334624,15.222620438314813,60.421400767168436,3.775061751082298,tomato
2.1181458573195147,30.82793453261674,217.73436182437038,5.322089556855718,0.27615346611005653,27.103234345368513,75.4077660720364,2.1639735716761597,tomato
1.2908573090218687,33.40336884933789,136.70447180813218,5.838820733666878,0.17868663202668164,25.447983138976902,73.92840128176354,3.528092251051272,tomato
1.1819914699501193,29.833093101167847,211.13753979787649,7.403191442152616,0.18717067575753807,23.814348522998444,79.44541337918403,4.175004744768067,tomato
1.5627026815933056,28.12787059334491,283.5137549570747,5.601314845254137,0.17663541501633395,17.67762256398253,79.3555741473821,4.096345876235754,tomato
1.2753142837528209,29.010988710124177,218.04188308285532,6.4449522055399004,0.11095272241322864,28.05291658253409,71.42090856704795,2.7902716516114343,tomato
1.529985212222173,41.0279435958916,270.557466299794,6.455193345338685,0.15867095912924253,22.103236887654763,59.601483556409946,0.0,tomato
1.5215369006342065,27.510079393506576,247.78436394470117,6.294084382328965,0.16792914873293424,15.013468069236673,65.53692620418452,3.482033255548726,tomato
1.4442060937099375,36.6261590497802,201.51141583686007,7.009445672412486,0.18105253060529866,28.15597235105517,49.23666203077145,1.5881156088254478,tomato
1.5005589538239992,36.667949180405216,239.92957322552405,7.051551511403575,0.12297035173402623,24.259657902998658,43.40735668693142,6.476013442555052,tomato
1.5026633476271547,44.31728769503623,313.0877785847439,5.924238299475664,0.16649435554809808,31.02081827678534,50.665163696164385,2.7350697791797067,tomato
1.2665206333625432,28.279247664685176,331.14790787697444,6.728909325540579,0.1665295149656923,17.297541152088435,58.49373134403553,4.3258029648040806,tomato
2.022285722690435,47.43193295563697,249.0352079345121,7.280145475474093,0.1882431878253383,28.680286035368244,62.68994028749926,1.9881432326478936,tomato
1.9366587794789896,33.71481878104519,210.88867257069987,5.766404239617388,0.21099269354051226,27.865905607637835,69.46787647039518,3.33979422984255,tomato
0.9103139822644261,42.47838596222926,271.39434222239066,6.5457587522155665,0.14841872814990464,20.27970112079005,67.69562092119237,1.5034663069686491,tomato
1.6283622943870886,36.12177660892091,259.1392697568418,6.883930936142945,0.20826973647556007,25.375888953815533,49.281138935707965,2.522728295239396,tomato
1.8731024287270746,36.33642601316756,319.73379940831893,5.4555987707232205,0.23332320541153515,18.992716501172744,43.016514808869935,1.1796510257083117,tomato
1.044106094886958,44.48877382027999,196.4884408927963,6.5550640935225015,0.17257142783206952,15.91585863778082,65.40346955405919,3.337836046401877,tomato
0.9731798340589259,41.20085058615019,201.08383068241085,5.232872585002206,0.21613028276636284,21.880115478969536,46.03642940352944,1.8580261452735796,tomato
1.1929968918735931,34.5763100095458,185.30892238546468,6.9737302376886525,0.19656693801854772,22.78774922231295,81.41789798872676,3.341582195477323,tomato
1.5410427826158872,34.23059801596537,240.02383698014813,7.05066890450848,0.16167234614570872,28.2706243573913,51.49656667580468,1.7418486991192943,tomato
1.0699597833883225,26.179308446421107,262.764514580242,5.537015591812749,0.21222425352364252,28.563515417016134,55.94208368974858,4.414362342063476,tomato
1.5688024158011524,41.029571721456584,193.11315605994918,6.547929833056019,0.21912245373801395,22.78333652839899,64.69869715497383,1.837106090247479,tomato
2.1719638700435318,40.10393694916552,229.78140727693238,7.112404711526046,0.17501426964521727,25.67392269432922,68.73070862578811,6.082419910509337,tomato
1.2845876457227303,46.93566756332467,284.25989128976335,6.906847900413007,0.20929794234768012,29.531035619637038,65.63167531816063,3.3022354872995314,tomato
1.9161087012851952,37.183105061915946,277.9402232928795,5.692950585564482,0.23371740130668206,26.071157411898383,77.63130936569854,4.180851248186577,tomato
1.384644492887683,39.62191666426149,201.36573100718346,5.2334840458432375,0.14631459594813234,30.339698812968976,51.016999282716114,1.9039031718177435,tomato
1.7350733362576374,38.04038825532658,206.98268885004492,6.269426174053762,0.16454104032251615,28.281663706524103,65.488747982548,1.1383943148043194,tomato
0.9508425770978921,25.464522895545954,264.9042511651056,6.7175813043689105,0.18750850992333243,19.612885072097736,45.389423899633314,4.585632029961606,tomato
0.47281475907458526,37.9612125574019,220.82900694910245,6.054104716080057,0.25763100744903156,27.192579548570926,62.3215665473688,2.7607873904524527,tomato
0.9075969131020198,28.102336738125636,161.76901970967202,6.229134830100588,0.13386511601664883,23.660868630755402,55.34959392645568,4.1552076896911565,tomato
1.4437713763614488,33.64973082721941,233.44898566993922,5.718774715118846,0.19414601752873387,23.97232867389102,84.84786010953437,5.186432824159024,tomato
1.4658677880242745,42.00976217953058,189.36441015977528,5.95898931297442,0.13048735287754423,28.000403083330504,68.45946640210248,0.996444819026006,tomato
1.7752728463168503,37.15445051009907,192.0366731254121,6.20098354202358,0.1719977243521426,33.43876595517692,57.600737177646366,4.441567318299821,tomato
1.4260165007846346,45.24127903562129,207.88714872076605,6.804750428356275,0.17980268560059498,21.523884601643445,61.09619313068858,6.244169205226872,tomato
1.6421625050047521,31.1127327508686,208.0667343006426,6.8709227525421745,0.22379177536638856,20.28086662689298,49.65918741104795,1.6593453499518052,tomato
1.0034760282447264,38.80119157128482,250.8021801994659,6.024991449318065,0.12110062099025953,21.97344848716483,46.69608728594653,4.454165208149178,tomato
1.5756728404967475,38.55490840011803,231.02913943781908,6.806834930371723,0.21189675016046228,26.56149782320741,75.63299413434113,2.7247343997545403,tomato
0.9949302666273436,27.356074708323767,314.4017658215624,5.578037478085645,0.1976749070988827,24.24688351148799,58.718855721019644,5.534617628954347,tomato
1.922127832876352,30.79668545514358,248.3050009679694,6.412695907244235,0.13132667926645614,27.196535735510725,66.38218499727603,2.9326314997099727,tomato
1.9253644586333185,25.02446945642052,274.70551142376365,5.98236856878613,0.14349171383513992,27.674434706852782,58.57060485898499,2.021687332403706,tomato
1.9982922830845014,27.291820301151393,187.6994422543698,5.848315961201548,0.19064253400313835,23.943939370620736,59.2062524276919,1.131842285440493,tomato
1.0594517623816708,36.94177117177371,158.8241692015407,6.653527652828409,0.17026018358349124,29.521125760613607,65.0665591220618,3.9530417268326814,tomato
1.4780308290496085,21.70173636301585,257.3527677260345,6.202663543884774,0.21721798578798893,19.907791064018003,48.11664712386841,5.112432213907474,tomato
1.1268613465858721,39.431798813558345,180.15505662965808,6.256503525000028,0.1948600386939251,23.232226479553102,56.78682403040343,4.746678366732848,tomato
0.7130740543435158,29.980253580184552,163.93215273206306,5.743842770312773,0.15231803434451832,25.962355839463275,56.85772619966743,4.139250787226313,tomato
1.799166106374551,43.61829999556949,226.93790539980517,4.502686240770769,0.19035732407564457,29.866784810043384,45.223957706594064,1.7425176316432607,tomato
1.6323988118331156,37.874177425532736,266.4659921885184,6.625381832689148,0.11245469084617037,27.896617947099337,53.579128004932564,7.339722145534874,tomato
1.984269561435589,34.29434053363907,299.32213258112375,5.893949377749543,0.19507219150311114,26.636393335600523,70.65265792997491,0.1547648138886788,tomato
2.1441501985029103,37.214051628177856,294.292409961385,6.113439480539848,0.1812264131789057,23.448932681137634,61.358855274043535,2.6029715695925586,tomato
1.6422291648435914,48.693894628591224,174.14444494835192,5.878930675485721,0.11456569246810698,22.765725435590415,58.388776224138645,3.925579395694001,tomato
1.2169255894593887,23.852653191944817,195.00941738239243,6.518504550170624,0.17426559172933168,33.96338831062589,79.44529891353832,2.858942599045414,tomato
1.6433107636655953,38.74595196517805,310.2477022594545,6.807793275185476,0.1755833735201375,19.594208181178033,50.36290629177408,2.9287023807874575,tomato
1.1138575520656764,29.73517705538049,251.92125244862825,5.373648458092363,0.14847133648174093,34.44254752873527,34.55205502778771,4.886945073096637,tomato
1.4838713178634368,29.956281543770118,275.9737997414326,5.559003352606236,0.18677410146637244,23.063072160849206,58.9924479973964,2.8107349270158233,tomato
1.621850709116051,39.4176567885455,303.0683740700641,5.986239102367194,0.17807653107707969,26.852159400828395,67.62361794545845,0.005598854559100808,tomato
1.3526318982536205,38.90878923612866,318.52768344995985,5.264270297327002,0.21631121637437906,17.496479248191548,64.47720762694834,3.0149945499856123,tomato
1.1762017382059893,33.54375480731762,260.44091416539754,6.861819522528481,0.17719056185014107,28.87484571002078,45.221368177856576,1.5662299001860838,tomato
0.8905396093801214,35.86805020583049,256.17195561233547,6.758709938419011,0.1833027243773634,28.129301895505535,38.67305187693456,3.3346475383121277,tomato
1.143610829661994,38.534419257271686,219.86836061026102,6.33226749847443,0.23494114747291048,30.692153903421296,60.30779553721454,1.3548238766908487,tomato
1.7048109320764862,33.98149421379016,228.32398640195706,6.046245911100126,0.15007523353729704,24.963018385860728,74.02161413275172,5.02239508171972,tomato
1.2310128032240177,25.070932218549466,159.0916486405196,6.410606648401574,0.14401359355341237,24.350222197816702,60.94514713541527,4.650938187804155,tomato
0.6657208626791817,34.407380372899,243.26441397701106,6.091982340463454,0.18372180394995713,20.14239126066368,55.070747597789165,4.8159121558976965,tomato
1.0702140209530504,37.15856271416827,270.3134123178438,6.051860111612972,0.17564198275897083,19.486002645448334,64.30208956622592,1.4388626509084204,tomato
1.015027741030722,39.19915562272131,255.31277183889574,6.6529593874363595,0.11995150201220756,15.390702465990701,51.87371876646053,1.831366330584434,tomato
1.3445116080993313,34.26252201054135,225.93091777218078,5.235882848852478,0.22611179389186764,28.195177618446813,77.44190029311567,1.2117715747429345,tomato
0.9173670398574885,32.1443629604914,197.6222397150036,6.2334870616886455,0.1865113700879217,26.770150086735775,36.81195905475189,2.118308808593377,tomato
1.4814692581955733,45.69547705215726,274.1875830320548,6.013338468055934,0.19219896939376166,31.940462497911582,63.0246120780331,2.800462439612921,tomato
2.2245357624686815,36.78821314257707,276.24736190472447,6.662968969846029,0.15964025539572382,24.276782423938634,57.24301901466818,4.371070825580643,tomato
1.43702848417819,30.522023612287782,236.74839643593512,6.605200065743862,0.1908463678951268,16.86910514998011,73.38529375221658,5.411627306841521,tomato
1.3815209207032138,37.50777493840433,304.39241564996837,6.729946731976617,0.18281941344211833,18.83497953358786,82.50290088496995,3.3483867762428465,tomato
1.2411795565373405,32.891615675290275,232.9243394476012,5.239903153438038,0.19637652518034074,30.407637414546663,55.95738654565557,4.6356343693214495,tomato
1.3240117347377611,34.89866761991558,235.44087979826617,6.699214448769604,0.17542133565560183,31.27565886567273,50.203415485990746,3.2966020296925205,tomato
2.161929706855164,43.64612617596133,192.03552715496897,6.042151286009163,0.21613469361981058,20.616825446802203,60.07565911854029,3.372478338770476,tomato
1.0499592866514211,35.11180793705277,200.55225185563918,6.8411395961153545,0.1993773294436065,26.240799869827015,71.93032024484745,2.687510935568701,tomato
1.4377162703136055,40.72958328413964,180.4453374771765,5.967263637999592,0.14843457001127122,31.913179876249977,65.31136845497704,2.864450528266755,tomato
1.7401949526872138,45.491689768932375,205.9386177967053,6.3291129736389,0.21057420079237707,29.3704842492826,41.03675025319333,3.530862518374467,tomato
1.1674158292024623,33.225627503217595,243.7435906004908,5.845483606575763,0.16803051318345058,28.206031903571986,66.17879289578617,4.428918660509163,tomato
1.0721450360012297,32.55474095411028,308.86703210795486,6.33215885678235,0.18197114691605784,15.107091121079055,50.02522175223419,2.5103338907701476,tomato
1.2218529128525788,30.683061458261932,226.17582453361032,5.602735459026634,0.24931744475918283,11.821522581572024,64.92948057334527,3.4613575975382402,tomato
1.2935059087227703,29.469495961508887,241.15766745868294,5.943499622768504,0.1797545505280178,20.985588830961742,30.35741934279872,5.042711552582931,tomato
1.7567175983591101,36.531744998112785,278.76323787980436,7.250322031394985,0.12199399704024949,24.66823334913423,48.408974102897645,2.411198121143075,tomato
1.2916312082394747,41.14140111505848,212.12045553730027,7.603187410749285,0.1610825620787246,18.55445005503539,51.32772429286667,1.7241039559159965,tomato
1.2865685976169239,32.31575232264653,209.8876883423999,6.240923602743509,0.13820264924950543,18.802134091876145,50.939132897376666,2.8152003170212776,tomato
0.601104875627123,38.2533822352022,304.4081775808305,5.8764736052511,0.1913232189776635,21.842625777055886,37.696061520719724,2.426106133207627,tomato
1.7624910946662073,35.383951271787296,249.82464029095556,6.481133557707189,0.20994363003004554,23.376826515408347,67.04886448405463,5.845059256764578,tomato
1.0949378956053355,33.73642759213657,286.92442082775887,6.552767431365831,0.19802901367561923,27.86528264408939,51.9963642510434,2.4800209307335788,tomato
0.8462488702796863,25.03991392296745,227.16458389699602,7.399268127169294,0.21134542843952006,19.11552702977812,54.23621981254339,5.629293507245174,tomato
1.1796661873239822,37.62747590149317,176.13830120916907,6.075565421558316,0.19779040593147168,25.345159792292474,58.82086572320197,1.3908851026742908,tomato
1.3867950115285335,37.778618947152815,257.38309509494945,5.536105355879644,0.1831552762627279,19.546613054001064,62.212430789913476,0.34683767659860276,tomato
1.291830532277034,45.72930477509931,286.18383781450257,5.655194200769459,0.15906124198031818,24.504511362560603,67.50662859510419,0.0,tomato
1.9301051001049907,40.87487861705835,256.3526315203594,6.5865956676053115,0.20182072708810575,20.86759943776902,63.118874075857434,2.601756337311032,tomato
1.0242963306116866,34.52545902346743,219.5763375107693,5.8405796658937446,0.16251644199754783,23.994113387213226,49.143942820042774,2.2817211869438188,tomato
1.1013193030762798,39.48389221758883,219.31125953917532,6.97479581253338,0.10879995809371863,22.01425314921222,76.3802488360255,0.0,tomato
2.024358527276875,31.183756731772746,219.28689169610996,5.185267373519002,0.1422764866841187,21.84726121969693,64.4233252594138,0.049185291002970644,tomato
1.0502554080027398,32.71698746449169,234.10712302989995,6.410786278957995,0.153943597655534,28.185598952625657,50.66904075950431,0.1695278623194314,tomato
1.5011577492675174,42.4879693868656,346.5481856981023,6.281254983925261,0.16374493073516236,26.11413247499865,59.97380734679873,2.7070508801989104,tomato
1.000334102378456,37.60958890536216,278.7715036701044,6.318244228976434,0.20787828637396313,26.67409159315563,59.36034556453907,7.51136430861083,tomato
1.3284032500118221,34.02584261776406,231.97992999880745,6.976492813281675,0.23193262213427634,26.10078502153211,59.679087028719294,5.801703801593236,tomato
2.0410015917940165,32.98532599868628,307.30282772619387,5.258428920213429,0.22949802696257884,23.876988445214945,46.43387771274927,3.1379661344575407,tomato
1.812278638467569,27.926753677519606,244.43399058329814,6.143337481117214,0.2529792072836055,25.90994051289061,71.19467445926583,5.679414968164154,tomato
1.528079062768073,32.688601781235214,163.86119413168103,6.861657720119073,0.22679936356468672,26.456820612926762,65.02338290088397,3.3457170909113367,tomato
0.436123241929004,30.302463570360704,261.3324592536167,7.0774869472217095,0.24633081893644032,24.996418770003007,66.05851122782737,1.5771860984337345,tomato
1.2076388575762385,22.384282094908233,147.5594748415421,5.551631764808277,0.09728010987863038,22.782453576751625,41.221531527820325,5.179906003309966,tomato
1.3379500542349183,33.075403660534064,264.12108381691974,5.669261961865979,0.17806752151845626,21.924181244093845,50.96831120641204,3.559103685639019,tomato
1.5316129728704388,41.75333035086821,274.7080812683242,7.18028126528819,0.181475161722356,23.657845998557903,58.341081614294744,4.838001925320988,tomato
1.1534752180557277,41.52689583900987,220.7446179080595,5.56829568021921,0.1630666640831084,24.572644151311906,76.34857274579943,4.742706759143658,tomato
1.5841295337195036,42.37790679955884,315.0087797008157,6.081493280180847,0.18590789510338512,20.601116501540666,56.516541547999395,3.58401880935854,tomato
1.3576019712875795,30.542220076360987,273.6494188349892,5.5658720557359915,0.19856422989907896,22.110592935228006,60.234643142712606,1.93334424484781,tomato
1.917125812786352,38.087247578671786,250.82049826900197,6.596874542226739,0.1699731877729997,27.27945668460249,69.41582289256698,6.83938904692293,tomato
1.5293687588361495,39.499201421848085,228.5855409633314,5.854950608454234,0.13407352596403976,24.417510744467332,49.99246289779975,5.330648491440835,tomato
0.9302652240581024,37.63474280174107,246.04783508205827,6.157024945992693,0.19753608758050956,19.747210496128325,51.97945064958299,2.6750833924583355,tomato
1.30439363583104,29.70944569040541,269.97514722983243,5.307145068660759,0.19434191193274364,31.479519626501936,37.42131239052665,2.910956467665061,tomato
1.4419455752225785,32.483400979741205,245.09725788796186,5.8412616697157285,0.1713338241899217,24.254856327903187,73.17007746027221,4.942485201185422,tomato
1.47470652864366,38.033749347980915,202.87549379205498,5.999565911878811,0.14642669386937507,28.623920214344395,78.23399498987395,3.656273354424793,tomato
0.9149289316306466,26.20354199619309,287.0163168158365,6.331135631500648,0.1543366875331666,30.22482275839065,81.44139345572641,5.6034790098755884,tomato
1.2640751676918334,41.312989891456446,243.68467264560343,6.415840988409253,0.19405090007264275,18.856835348076647,48.610750655974215,2.018269084873155,tomato
0.8649322981121055,41.7231463021254,239.29635175637875,6.879880114989351,0.1523412314116741,30.41359295068402,50.11066774780771,8.053974404000426,tomato
1.8264334286748913,27.90984328464645,283.46624885322854,5.883728811886088,0.12691865563461946,28.10784733953264,71.63994825967592,2.422898271898712,tomato
1.8126431108516259,36.28297392083651,322.9394832309416,5.713174326014697,0.26174754773232245,21.407754408414764,70.23269672114108,8.081240638403823,tomato
1.4021461848326744,31.83511757553764,183.04626769030526,7.618851384383346,0.20958675943755248,23.202662838854486,62.14188318336439,0.0,tomato
1.1966132854866414,35.925318450619734,265.42137942227913,6.301795797050402,0.20197727400741777,21.15952963235256,67.70919522013196,3.7103113241863306,tomato
1.443987936352974,37.49698617812469,242.26248226518143,7.211135062630875,0.19916712957235566,20.007092055881987,49.07838091264825,3.260882299072328,tomato
0.8756461688421607,36.667905178927626,208.55765630728376,5.042623862739515,0.14761999162549505,15.778178400636138,54.46914415420234,0.0,tomato
1.551290118523949,36.78229079360495,241.97242462813247,5.979841800341835,0.19089145182104575,13.429821737210073,68.24937213472633,0.0682151623173719,tomato
1.0883599893353648,37.73934382638039,286.9013754523789,6.602258964039685,0.17720478494326375,17.367742111009207,62.90752396842576,5.69588383128967,tomato
1.4375866066167653,29.27703664249547,195.17671902109458,7.243688142699341,0.13511887277879153,18.65731631942758,74.85402016115046,1.527187285915999,tomato
1.5460587838670425,37.95337179721772,251.60471779899765,6.9226064170934825,0.15278714697259163,30.16110953836405,51.22278360984976,3.7371523696795697,tomato
0.907925110036956,42.26763193215177,350.8207322707938,6.628595617436658,0.16156141301092658,25.410887353298552,50.616978355400775,0.0,tomato
1.2581456018132342,35.54480960081,231.86358063610626,6.044626933170236,0.220997808510779,17.139608111598356,70.48841848615919,3.1345316827486727,tomato
1.092710138457373,32.32914425649608,190.16212371148893,6.494451548896465,0.21435627857650877,22.737234130418752,61.364150132956205,1.316092326675691,tomato
1.3730414800796853,43.495778745790524,175.54246076314047,5.645074025636067,0.14782875389903327,25.484682671813367,49.3086201205814,3.298921889215515,tomato
1.074562784476997,33.75207335642223,267.97259718479654,4.655466167852323,0.14625801125270713,23.02664303397986,56.87891894438468,1.983530976504289,tomato
0.9750875342700847,46.951439370285456,214.8031150002115,6.086340905661831,0.2017117021542713,16.556271219621447,56.36471689501616,3.176068478649137,tomato
1.3647276413647034,37.9942322271842,197.04883320311282,6.337397973357011,0.2208906381651216,19.115685737306084,59.84081620861467,4.814583136257273,tomato
1.214943898688983,45.633434437621325,212.77338565365906,6.200079061478403,0.17590550305436856,24.735916039050544,52.29009115745165,5.5363842620215555,tomato
1.1287402025975266,31.806368986841512,311.7813130690166,6.524137494229509,0.18012654355606683,26.095036232462252,76.01728665624687,4.803761363310412,tomato
1.150539004478603,30.275226859686114,221.41568210278882,7.884051881154866,0.170206857131337,20.530836151702214,70.41319927087702,0.0,tomato
1.3537311797747786,27.736912001563248,222.65176774753309,6.361844953507023,0.16625132682178878,26.019278833755926,76.92170398228932,2.586735020480941,tomato
1.653264532981919,31.026222192668083,258.0881184954523,6.2699427015956575,0.2322711261185184,20.33834635928397,57.74319756661416,3.1990620719693785,tomato
1.6566776986284608,33.58125342042638,186.59672646738696,5.281494600888422,0.1993647623034987,19.444205984259174,65.82503604880358,3.871486758395865,tomato
1.3794996146108833,40.08793999690989,152.0282384422602,6.196260457298371,0.1824603485158824,32.94916559504196,50.44318599055961,4.608160426055444,tomato
1.425245847884277,28.583771290163888,238.46385286166336,5.258731854274917,0.1712307877336755,31.354071437753888,39.16589130965736,0.31973310365879426,tomato
1.2782450561945182,30.691008163012068,232.69781164920732,6.364233362181524,0.1641561916449816,25.351564324626004,58.26490246102317,5.688551517566697,tomato
1.702803008180104,34.20782512797705,241.5401737045984,6.412737815997293,0.17426168441864812,25.61869112832801,55.54139209620924,6.067098356135155,tomato
1.6167166373981527,27.926993750905275,213.3857538315501,5.898651324033683,0.11813948326563505,31.40106440089609,70.91707024498893,3.1439719975923626,tomato
1.184032362763476,40.348424313627085,167.97451778919836,6.534085735611223,0.19325414958427894,31.499054046027595,55.70961965415968,1.6394510036307643,tomato
2.0704996118093044,37.36277009761571,302.27306152948415,6.129267822668976,0.1501476880839685,22.270289916218427,69.15668377888166,8.585592588089844,tomato
1.2020420265192036,38.65077070577007,213.09216674181192,7.124262792031331,0.22816839423470092,25.29315772841994,65.58129304066078,4.61276299697382,tomato
0.346985939345674,43.283348532182266,359.8618473624977,6.536765135716149,0.14186880127132379,21.983008322324313,62.59319936606794,7.487486363333967,tomato
1.7237678947765707,41.03825225642483,251.91295311759885,6.08041510310188,0.20155324099486133,39.25647946109828,53.20356064619385,2.460482161459737,tomato
1.7279816618618622,43.752064226606976,235.5580368698355,5.69532837946839,0.13099629278956132,28.534770774339172,45.869538148051255,4.330008704929653,tomato
1.2595554236646842,40.16663057104144,313.68538693958607,7.06841877123056,0.2374419995851445,21.90620941038442,53.860165066278356,5.255966177983472,tomato
0.8601627476556177,42.445369164764806,189.77694611291474,6.321746770938445,0.19760375185420914,19.150455174147027,66.66331609274978,2.4245359760747585,tomato
1.29682639657832,42.18629852213893,214.674137403831,6.878800071508082,0.21581508894776374,33.629696782011976,47.02187769045864,4.947097949770807,tomato
1.7550123667996098,34.00656070752326,199.08437178315836,5.669985603927295,0.2113672264005459,29.318746470964474,76.23479643934502,2.9814666020748537,tomato
1.305498854842757,20.617755361451746,224.50185220161958,6.705429789771177,0.14413974532152668,21.616572796038138,69.70690718744252,4.040532330968024,tomato
1.3679314911840592,22.5703700141181,207.68243804532108,5.673462417437947,0.22460573547893942,16.6275128740234,66.08655768152751,4.629524526378365,tomato
1.553274800315942,32.36085639204982,333.67550520792116,5.779339622197667,0.16714125487258535,27.736377455750603,66.44050541280792,2.1613674626113903,tomato
1.1453381252187225,36.086479474043074,131.50987359581745,5.203227964371711,0.20721132845078832,11.149891802200115,54.174502865058344,2.9986887745891333,tomato
1.1507180459658044,31.727715903494442,263.2403484568925,6.130041647734832,0.09283495958372483,27.013319128581138,63.073268158535036,3.022166521508817,tomato
1.0881816523718766,24.196607631630904,329.55264895486624,6.266489860438046,0.21286720209455293,26.222636160772367,58.8010035783039,6.166963126267773,tomato
1.839165614300713,42.15770530651985,206.48803666001817,5.708070549326077,0.21962978225046867,24.850066380528997,58.50090481752959,1.3535023746901682,tomato
0.8775215311705498,41.64635269540077,245.02958779743435,5.73375405018133,0.1712779022137416,18.145570015158185,52.513850180391444,1.29107302206382,tomato
1.5398578754962062,37.36931469470296,233.4060257971595,7.417205951317773,0.18038307319986363,21.566071835443452,66.03747293177182,4.802180984371503,tomato
0.9862587399131375,46.20202985618512,248.72526919748532,5.904698521788193,0.22111355978443054,28.10726898339656,82.97270594291949,4.922751642032621,tomato
1.1381342683671525,35.23780329407336,237.63615621606013,6.800985378507054,0.1220957018592218,26.997386445706166,55.153286185517665,0.5369932335862764,tomato
0.9088023586071702,29.321535924671338,262.1917479442899,6.696802503613347,0.18610109834730787,28.7338891514803,53.52311257633426,4.260310208646117,tomato
1.593240848275299,33.80245958710776,205.93741935758885,5.792004467369681,0.15280645002299548,25.54198611539846,59.2719385903521,0.0,tomato
1.5761798086696708,38.971713056977066,192.16745340242394,6.867798722760381,0.20376603424022696,24.60364880394827,54.80710765157551,5.504399552772966,tomato
1.3669084591602028,44.57211032186606,235.72077649700276,4.301583819315756,0.1396704798248146,27.870879584055633,65.28560179460837,4.612239578471533,tomato
1.7818472839030577,44.74716321937368,222.8685538800667,6.834315744665555,0.20675202023359782,19.687487395970958,67.12716736769121,5.1327212437156,tomato
1.737268096865416,46.41590315393155,348.618234478154,6.429856983741353,0.16348960430038897,27.59721545513699,61.55766133969614,4.59434651221977,tomato
1.5081609672211023,24.57501923848781,215.1631207176031,5.844219680483777,0.10521818806098293,26.791542330552435,79.10522541065939,0.8738880618687737,tomato
1.7463080752422093,26.351863537626038,207.96810916202736,6.234778492311605,0.1951953272527733,31.06090206457031,55.60153994766171,3.543303249632078,tomato
1.3374570246809356,36.96441531296342,187.42209241090646,6.056113724341864,0.17609921463019226,13.865071693684364,64.00295769033188,2.874630976414584,tomato
1.1586326527092,33.15665989128564,237.1849576736819,7.283322666377178,0.161220618352813,17.26135714945529,60.56655867911131,6.0579726687229964,tomato
1.3034938350205092,35.468651517850006,195.86569600806575,5.818531982029349,0.19908051608853206,25.762670067561018,62.11352618168981,2.365802731768312,tomato
1.7491721971138334,30.82860323427274,270.0034688075439,6.460910358767906,0.14034942914371396,20.61747969148561,45.48314059439255,3.5524603992160966,tomato
1.4601451174018008,29.84404856250698,220.16611527052416,6.004163871718422,0.190869933065268,25.39359873479657,64.86938801979271,5.365353387962045,tomato
1.4882600045278687,41.76769128350494,186.13515006580752,5.965731308491867,0.19094303018210065,22.13760880911886,75.73347344483133,0.7322455526550624,tomato
1.6153860713114603,45.21530366547668,202.6177357093412,5.863829709184816,0.23866422209065793,24.02607170508931,48.76148138765547,1.61462160621769,tomato
1.5854790012892908,41.39174546275912,129.75734106564713,6.16850222916338,0.15841683155956926,33.56356170636195,60.059173426677056,4.604915617256733,tomato
1.121202962188244,33.06365218815834,124.91214773301024,6.907064937193069,0.21814034582958483,22.06528866855704,46.316516155605974,7.909787669271635,tomato
1.1946949401509792,35.659786161807034,283.8599405088366,6.555509641181238,0.15316393580154075,34.72442085842468,43.97378944957362,3.995928870300754,tomato
1.184207173264228,34.085032813695406,253.7355546536695,5.29870460871389,0.18946390203942484,29.745239540316398,53.71656459051313,5.224921096806565,tomato
1.635957938404101,38.053677029654565,194.7790540022508,5.804212598821399,0.19151592779120957,26.407623918391828,62.16655070541149,0.0,tomato
1.6880893822285226,28.410003297008636,302.12816989213127,7.554760488082861,0.2306002357624756,23.140035414886842,65.03216676551963,0.0,tomato
1.301177792341424,48.84133734512746,152.73943678226712,6.506965532609876,0.17352444981381884,26.641236874664763,54.36795049819091,4.616698178431154,tomato
1.38849797180135,28.445066481466576,199.86171432918977,6.571425733804427,0.12853972676676179,28.216274565000564,33.98122730808947,5.983801518234609,tomato
1.0162667170907063,43.63513782926093,315.86822855198034,6.139689256984827,0.23423031251449952,24.95297329438676,64.90070694993624,6.069541193738843,tomato
1.3059880568328812,40.573818692118984,205.26881687411174,7.2551869672813,0.1594680893177851,29.695842648862488,62.60736438154711,4.32193954401597,tomato
0.7105650507067428,34.78139582679572,266.3015021415845,6.578553749573485,0.1617287258364887,29.08456219468989,57.5722554034735,0.7833877110638712,tomato
1.5056504925526593,34.66785103281163,202.99663820589743,5.528805902139151,0.21399363657517628,20.870304288880472,56.91365993362585,5.683460866552803,tomato
1.2855188622643048,36.9620662018218,216.87947150690928,5.929126325179522,0.1258619988934542,32.29324170661948,64.93873217969812,3.6899738077408646,tomato
1.399661437027131,29.684873395056623,247.3454372863769,5.687686356456997,0.19156581231091713,26.32823408768112,57.57766710688012,4.2736168623107575,tomato
1.6234164470445644,37.363778822302166,171.49776492338293,5.8508875709759485,0.17710130420893622,30.13914300984652,59.350910696646814,3.406262868375114,tomato
1.418181978094354,32.769850244236046,255.86749361080336,5.378045495674489,0.15317081049845907,33.01797297836515,70.78880064418985,1.779698357658522,tomato
1.5671104980094164,32.46108240892021,190.97132710306045,6.431841834980671,0.15375853074932538,30.5234518071501,57.37687963315168,1.5276959997576565,tomato
1.3988819382217885,33.70186013550476,273.9007409055371,6.720159321409905,0.14787435464216608,27.499857492406672,74.04786628346872,3.7288422655474966,tomato
1.7582675326603436,31.26189200002858,288.00076697088826,6.365376183591979,0.22062044968049416,25.185918248689333,66.33417805331703,0.0,tomato
0.9428303018963764,35.39380496411143,191.32363318474142,5.569645990728163,0.0931849815762719,18.604703788250152,62.823651204398786,0.5815782832308454,tomato
1.6036058570026954,23.925024351902714,326.6982086192592,7.010685537645912,0.09512100016386707,13.964814138050384,60.24550325392626,0.0,tomato
1.144298015775893,37.03094075800598,151.5460026176831,6.672676493151627,0.1764752995659373,16.76805760722508,75.54395573091088,4.279780699102593,tomato
1.1707189316890585,41.209926551919224,210.57499538347915,5.260017324153172,0.17335380116343915,24.42943497683897,58.791755819688845,2.897812273104075,tomato
1.432243184207134,33.96741992916074,247.3630608946691,6.925696399894504,0.1786181002378452,27.545376590773998,55.127526909148514,1.4175704886123361,tomato
0.9002278979758925,37.329157956602685,247.3459635389602,5.521838460360234,0.13592541896403476,32.15469058656633,64.63940552616793,2.1474664439562163,tomato
1.4342370382242695,30.965527336342266,244.32337077652952,6.42574056483401,0.12583516277017873,18.234133847548748,62.752947946487495,0.5498905202547686,tomato
1.699188895826239,33.49803325298052,227.01238174499244,6.697859909545993,0.18761024452540498,28.106273399193167,51.51701725888129,3.728416893459593,tomato
1.625603406681468,33.363828436804255,224.96768018206703,6.557241426821701,0.2103185793742583,20.806356202182155,65.87045833252775,1.3254248182879425,tomato
0.8577211469438991,38.41612351560557,237.21115725132688,5.714093010850997,0.1466250868958296,25.655445991105324,63.23149581383763,4.881683419944858,tomato
1.460919282476182,32.565716695057574,285.12368568113527,7.4825801883366445,0.17715735275986033,21.485312058418465,60.2521890715381,1.9879928417381765,tomato
0.9241687681971422,35.559094667136584,239.92165023938668,5.776187553181153,0.21680356977959012,37.52227573531918,63.48835603246165,1.202637886435995,tomato
1.3943369236315644,37.92273335297777,234.7667471139061,6.319346399889276,0.19165657582757972,19.2256928501047,67.02204475431382,1.5390456025097021,tomato
2.0277823099625567,31.181252562626653,160.04930234392725,6.768087425716222,0.1357918170975437,43.15222181077418,74.86679564280767,4.453863263966145,tomato
1.0959979164206985,39.328633314584934,274.3922673244015,6.15516281856975,0.16140698285125293,20.468837843032752,65.7561552846231,4.170643800683339,tomato
1.2317260809105302,33.760724598223604,278.70939091140104,7.067293848060929,0.18095925787176348,22.228595402048615,67.78112563906794,0.0,tomato
1.2209011300645094,30.09744669964194,217.3349374269003,6.4790380698652505,0.21846923637145985,34.36678619327026,79.2844611665036,2.2879311217415363,tomato
1.4819874366572372,31.47084174057943,255.70389141754444,6.10107755843811,0.201483714119269,28.99941063120123,54.19866088495415,5.6302903296111575,tomato
1.6310387735269776,32.45076365244375,206.01428102239754,7.246367768399601,0.1440212798194268,33.13305647417043,83.77296967133515,3.8653541997903123,tomato
1.492471771554079,34.043263551287225,196.46565039688946,6.86578821234783,0.15971823064869947,23.5372786792368,85.48342011926611,3.3998252288870203,tomato
2.2729735874364856,44.77979379446712,278.9033422737541,6.742517518526533,0.24854680697450804,22.972982619631825,53.723466185327794,2.7542222449946863,tomato
1.0030746874074357,29.839346228505917,220.9247396029766,6.925882218215591,0.19502503084089529,22.499164306279162,53.64733346916741,1.4127455422312423,tomato
0.9800564431993324,28.764124349132544,165.93542362882232,6.438711610433461,0.19383052449153565,21.350110394162705,61.21264531892346,4.035123272501476,tomato
1.6339738276483171,33.47830085931925,257.46418502908585,6.432216189991873,0.11986150855620054,29.93069365769754,66.78335957505747,3.8795515357551835,tomato
1.6051069808525555,43.07327531453441,182.36476155981757,7.726888765622446,0.1591907919503682,18.722443842202466,37.98136320732301,1.066772064356248,tomato
1.4115556903229554,31.81738440997063,181.5810195542974,6.715423341751961,0.10820853482944798,18.41463091395159,85.49507950004184,3.928111378725406,tomato
1.3176230424269333,36.24452776373797,249.17702101637602,6.660309177779725,0.18574517657124723,25.030466832975694,61.97987161771295,1.8581087054437317,tomato
1.199290674542224,42.01979132133557,198.8985985788619,6.35581888031369,0.13546595041441728,17.334007927380025,48.35490991355667,1.977029969498685,tomato
1.506890522892425,43.15827515328357,218.39752415408904,6.214589989428783,0.16903759146530037,32.408841707058215,69.66334832592406,2.1651241738477127,tomato
1.6097514394970398,32.12026548967684,258.23132889552966,5.6503895007377185,0.13077921533259498,21.768885363938832,54.587334387351916,1.4065259662806002,tomato
1.2745203940689431,34.740976324032474,197.20014435278318,6.943840586572892,0.19773817224975665,23.42945699082409,61.90072111734591,5.1888814830601415,tomato
1.7389988162985248,39.877959562533924,214.0864461051513,7.469670994085252,0.16685957255229436,29.012554984569142,64.97018036040059,2.918080653469457,tomato
1.6782083586374568,29.723262742670883,154.29614012909957,7.157324914877098,0.2030438957290456,23.969899451366306,64.5548971151251,1.8039846632128647,tomato
1.9659871537749591,36.02302870933044,202.93822634183098,6.945929964072382,0.22016213897916945,32.08461362319443,38.72795933119593,2.4374405641479973,tomato
1.235295289148597,38.29934435846657,292.34251653731945,6.059405616955943,0.16866875246339105,25.629523453440072,68.60592458184782,5.447557084494891,tomato
0.9035983073115905,27.189587433901302,240.17930837354373,5.955402555628486,0.22487657992949414,21.563318639982157,66.09898152590027,1.744115640781763,tomato
2.2255018275817555,31.276987459245234,212.12954843495982,7.535593399944059,0.25296933664683197,22.147521688983947,53.63916524713479,3.2160443747024803,tomato
1.4086143720590016,34.939529210287866,239.52123830574052,7.064301010236148,0.15007778107513622,34.486140439350805,36.98898857768848,0.0,tomato
1.7351379812938186,37.24227948856178,291.7808329079135,7.176252933059327,0.18581273138388193,14.968905409379035,68.52072842847481,2.5475411173007947,tomato
1.5141019824890916,26.576215384785243,217.1513872828438,6.548820413395321,0.18676566060309627,22.34986094175277,69.39424773544323,2.633015706962045,tomato
1.540331227743415,33.076123102662166,232.97461962527282,4.8609186104201125,0.20191213645253173,28.415307005616665,50.475884458432176,0.013906753078917422,tomato
1.5744324333812507,35.20264256313729,232.14971549991154,6.558836769350499,0.15269548431989904,19.921563397087297,54.60472422343011,1.5747396329214491,tomato
1.8082639823764273,41.98690345694462,223.50701715242033,6.3648376300524045,0.2562290115445943,22.554229579542238,54.805743970708825,4.338398596488132,tomato
1.7421117846324565,34.55546227513614,257.0650297823275,6.114441435605496,0.13460532379575668,25.384424623164136,73.1134509042167,0.8482813367801167,tomato
1.5626602272832146,25.278055783213492,243.33084491474844,6.576281536584792,0.22758986303260095,23.897699225250783,50.74722446926379,1.89362525039431,tomato
1.7527801112267685,28.507882290466792,299.9454183864126,4.981038733092243,0.13602302306307723,27.368228198061946,66.4428328929789,1.784583827263842,tomato
1.3543556327129553,30.24313422558141,239.43749919594677,7.014398141124507,0.12172145983653934,28.601173518987743,64.97019125374604,2.911636776403908,tomato
1.910133838806779,41.44916730713594,242.3971706881113,7.000604057559621,0.1364479327626909,19.99184813566667,76.60604958112391,5.11815778714391,tomato
1.2843487328634116,27.564290976981432,262.80755207641846,5.80313649741018,0.10085270516888739,22.646137938435064,47.951605443916314,4.8251885410826825,tomato
0.8757434594586726,29.269305242143695,296.4823923375943,6.076432014085695,0.22400033318648638,29.71768051499174,48.50854383173802,5.294483793932546,tomato
1.7014484010154414,31.430291792251094,181.63728814037944,6.913498211466707,0.14460725614696096,31.21293340829072,69.38303134054189,0.9098698713154043,tomato
0.5777664600278042,32.9699370097862,264.4642403889098,5.521662353024471,0.1889912265881107,16.67590732799672,75.32360871018886,3.4150473164201465,tomato
2.235789948917459,37.190416432228105,322.40472420916876,7.085729197257998,0.19811814257190347,16.345388313236775,65.36709430389482,1.7594874532050508,tomato
1.5338643863831318,29.990601715520285,273.56310384306823,6.2250216416215265,0.16966993213350118,24.520769870447058,24.440449714045812,4.593165602859485,tomato
1.3485900637317485,45.62305158742154,259.50034058958244,7.296544541227806,0.15050211139617983,22.71004893598726,50.95841682322764,4.075855052389321,tomato
1.670106241535527,24.385801192646248,265.18688642463894,5.876183031523679,0.13725233732697453,18.5197152015064,64.44724918552797,1.7686060392785086,tomato
1.4767539206047797,32.55897468949503,228.72646256880253,5.456258949895636,0.16419264159585326,29.41091240830715,64.59995976811531,4.808697553766883,tomato
1.3494583894794232,44.36657103987495,191.8599638049849,7.176557001432444,0.22654397835968004,18.894409964880104,70.25004279524052,2.553450189508816,tomato
1.7533655386724303,40.10702176337539,298.70055615457164,5.795193273232192,0.12534608292668475,20.88113955956659,48.258460248809534,2.520363039132044,tomato
1.321980487413663,31.237904550322202,291.1810808565755,6.736341646741086,0.2055087347027786,20.443357570942275,58.40263118430205,6.161679842437972,tomato
1.0555620956028373,33.76451928340621,258.5249703151359,6.166742927520734,0.24182166750379663,21.498723285484317,67.61074600526533,1.9159606532621167,tomato
1.2688628582378716,33.94029791506941,288.6479008391279,6.2977131812500815,0.22266733618369666,25.596604976616618,55.24535552141395,1.610270785735844,tomato
0.7379347613997935,35.39287829728107,273.57865954270085,6.25274115444403,0.18764954670278775,31.141225717779506,60.40256418857661,3.308977737470198,tomato
1.4028469961426082,36.22845321437268,174.6227160459128,5.558143729843578,0.14193125677951207,27.238163639237932,48.741890562721295,2.1444680663959,tomato
1.6663733516184822,28.537668635606863,174.28644191594773,5.3986309632422405,0.23751228043731368,22.916468984862927,50.87434425109578,0.0,tomato
1.4901852872285382,30.568713354594678,173.78573163454337,7.237446335563931,0.20836440679361834,22.30432105690894,41.164608772658084,6.939959187343263,tomato
1.8605902990188583,43.89873594672405,273.76150198997834,6.26102900027148,0.16215182892647567,23.374707703273085,80.86594947856955,2.583096138917077,tomato
1.0026774533175455,34.6807699901286,208.2850882627074,7.303283717470813,0.1356718196218245,19.145571840567932,56.504820150776354,0.18131383191225403,tomato
0.4430355180469647,29.20153096045665,182.58518255867114,6.469670423834893,0.22591899961944953,26.278290929454325,47.155606382347315,3.038567812317317,tomato
1.605360829067747,33.9330189437981,186.45567903134895,6.017551507827919,0.21025655829836803,25.634706339088737,64.57139447108649,2.163498786244108,tomato
1.3466579073843097,32.99136147762279,228.6408329722383,5.535600072341898,0.23339799036775255,21.380280056128502,56.84010687703862,0.7367919873443629,tomato
1.162502641670442,21.239000589169454,271.21041327984744,6.263844123661316,0.13843550095313575,25.8425701918026,55.09951730574066,1.4052855030789628,tomato
0.7526847965057586,29.790369225175237,263.6982428142883,6.189076592217554,0.1286994535757207,22.13732483729438,59.44865707487224,3.2143439447418674,tomato
0.9735245152667729,28.983122313376555,225.6990780927195,6.535419962337237,0.22779506349283138,23.021852912120025,40.90974390694606,2.3977794963508403,tomato
1.371041466114215,30.488735018850754,179.03045242437335,5.697385157929275,0.18950699727794396,26.855441555965104,51.71312858854061,1.1138352640938505,tomato
1.510554355529596,36.76855829956152,295.4540153768299,6.0398088985220655,0.2128907998772036,22.441577339239224,44.50860369638851,4.6942686222196,tomato
1.606906962618436,39.206716230010706,274.7354358646491,6.61843512493863,0.16091316873583536,14.090909700569568,52.334367626567904,3.0025541423886906,tomato
1.195675491275289,37.49716547117589,303.4570381516252,6.223430729897701,0.1487774596061447,31.055797812329835,57.59091736743506,2.9393325275367506,tomato
0.6204844576873693,24.47768826331854,280.522833745966,6.510575866598055,0.22413977586878536,35.22039934867154,58.85940024038631,2.964823512356949,tomato
1.3379091122709097,35.94134194189539,287.94368923420916,5.866417819675125,0.23543167312369495,14.348876757084415,66.30040671140742,5.5800033378114975,tomato
1.502106847004846,38.83084294321115,188.5855886160295,7.305347296505747,0.22040081290875257,20.468908255566294,37.39549280585154,1.110570867836123,tomato
1.2050004371320773,23.113546951564118,251.2409282986256,6.605902327811151,0.18364964472374287,22.87361624915058,74.46407710742324,3.599206394368456,tomato
2.203213209073483,31.28249414894246,253.67987939652028,5.8145759252561335,0.1716523066091341,28.47708710742801,66.14274872074463,5.190538325554596,tomato
1.7326110067940894,30.869934304404033,116.6583614201005,5.048943149151774,0.2522903070317304,18.32250839115378,73.62606537233025,1.906954707361067,tomato
1.1078104088288252,39.20532925914028,282.5924518470666,6.809500186373004,0.162399864033099,28.05455554338062,61.46611270327855,6.6813152256643775,tomato
1.534588437795723,40.65439128883294,176.8817025154185,7.339420672001188,0.23619360730054037,19.660343788150932,75.86870674684057,1.3138209301112351,tomato
1.484738053552346,32.680893717889234,174.0984296207671,6.189871954670849,0.1616215216439481,29.529507078867532,46.829146035967256,1.8800108316019732,tomato
1.053653089023345,39.654397925361785,251.99965159176782,6.802407786200814,0.15798141527999074,25.06802410878422,71.88226077666654,2.276422207148339,tomato
1.266747265613609,35.98615421765162,260.886796616158,6.3420197787985435,0.13550324560169752,21.425140720373967,47.12223952737147,8.857694168807317,tomato
1.478074706597007,24.787772534625297,222.6097101983212,5.602784773236774,0.26189009140060215,27.131938013090917,54.39106418213285,5.491921887532172,tomato
1.7546983252473343,30.598337700059442,193.3021281440306,5.538317568452973,0.16936694484410947,23.66754811272319,57.46911272194138,4.220846891295269,tomato
1.5119765985208877,34.560612699832475,281.76128231554657,5.213844869638805,0.17693196716857434,17.923558757031582,65.03050810817369,4.7331498172641835,tomato
1.1585347074848646,22.479255255449964,329.64708239679226,7.153044300334642,0.22309232287951,19.05893048209425,67.261248035849,3.597251156284395,tomato
1.5344059314315186,43.26645528169176,341.1796840451609,6.4325946973879455,0.1945992129817241,31.356021093688106,61.039835829340504,2.9107507633696748,tomato
1.4387260456558357,45.97833316868539,303.4660655805058,4.790178502645416,0.24530072341952436,23.24136606927802,44.14656951814924,5.751245433172038,tomato
1.5858628870242022,35.92040506475426,241.60780944164648,7.191394115270665,0.20705532090083212,20.458353438682476,38.35573604337807,1.2875307760184025,tomato
1.2336751593841486,32.10574201060962,293.1667707530618,5.623165446645142,0.17241114146968062,31.57820637105862,49.29245161590927,4.0420183766523206,tomato
1.267830174045846,47.705557667537576,261.2024427302163,5.665669078439341,0.14028197791419544,19.87053050387278,45.33424622646529,4.884489925172064,tomato
0.9099545716845285,37.78054437576472,250.8348594835702,7.142572786313292,0.2365261902088996,31.14436337315452,52.382009351970574,3.091606569134567,tomato
1.0079438910806653,47.717142272418265,237.22330488748617,7.2061249920509445,0.21197439211044167,21.872241273879563,50.43054045309735,2.6302132302799226,tomato
1.2482747946986432,33.77389746983021,301.2496959051652,7.061130711765058,0.24395983293346502,15.844683762024772,46.737854944586346,2.208142373372035,tomato
2.2036905391770323,49.148689268252866,218.75474891546344,6.355963026274988,0.18885978885506546,33.37627263423936,68.1426700583651,6.108109419107198,tomato
1.4903692521658967,30.813637873900202,203.82077626094588,5.872985023204816,0.20944343726944517,29.267727763792017,87.02429359434505,4.188228806927715,tomato
1.4238535000886,31.138244892931482,249.68620336753486,6.80872371349423,0.10257197330715385,18.89641356381764,44.029635078623414,7.116751760088613,tomato
1.6865375826011335,32.37304442603851,259.7383958546076,7.1213672277439555,0.16434778553941454,25.81897036040308,58.8699355637092,3.700463234360496,tomato
1.4927545453477657,38.6097507210758,213.57144338551853,5.759770631817,0.18916698424750414,22.628724736227234,60.39051061647278,5.451818464254682,tomato
1.2175822002005101,33.83284646254107,254.98931964671195,6.254239546046575,0.16567347796464438,19.289750406864083,43.72366649740282,2.4066183751042916,tomato
1.7922091037217953,47.214741903223825,222.81242381628311,6.542898121421427,0.20029455385104714,26.213844455277112,48.66853326737771,4.746589175665252,tomato
1.633376642214848,25.54465772771303,263.44226055207326,6.592196695074053,0.14879215303790805,19.353697646878594,75.52195519059596,4.296183524860802,tomato
2.0975455034170896,27.496518525119246,217.48934833393884,5.914110914189751,0.1514739144527884,20.35924734529907,59.779393861533215,0.0,tomato
1.155250459088362,31.411578436576235,289.43793760652744,6.250111363320608,0.19764873041117517,22.60207868628597,48.956351599120396,2.570874979504402,tomato
1.7068948884313047,41.7306140151117,293.8758724461991,7.695778396227762,0.2523489661686541,23.94418202584618,58.33199043786514,3.3032992540586346,tomato
1.4666290739092387,31.855338112145915,171.3611465574494,6.535395911338711,0.15573376655059604,23.0750502126673,41.22223001218882,5.207452940359788,tomato
0.896848067053344,46.42192788440409,198.82780128328605,6.596691314720371,0.17606414185115796,18.612646717787094,51.2817236636882,4.226206140124571,tomato
1.2376896375748627,40.37619144550448,234.89903987194322,5.898277500667587,0.18469642048685075,27.185204819496267,68.32487290833386,6.82383593607895,tomato
1.1377757905470995,27.982452601964887,285.9664074639879,5.856794039997532,0.18314426904678963,18.898211429334346,54.86128818304378,1.9100781436642051,tomato
1.5059169276820663,37.232595820952056,218.0804469939667,5.885609918762986,0.21006089708394188,16.51354634644276,57.23355410783749,2.546989063211804,tomato
1.4907832240214465,42.439216181224964,264.51351092983225,6.79229744572649,0.15806190010512453,23.653984497105096,42.70598123625375,4.079214271894045,tomato
1.00857772776855,40.84340088306013,229.12348329260917,7.282645432816306,0.16121929989602474,22.871580200951488,42.91468221219419,5.018005941727623,tomato
1.5160393787044757,40.84722319302969,151.19431738356627,6.536844226060753,0.23523539229418858,32.46176494002381,48.72333791116938,7.253775630232001,tomato
0.965654424400798,28.65473442093834,288.0591543558059,5.666549678004263,0.1834110540736674,21.939633673679477,83.85818817500139,3.2167948478188864,tomato
2.04761514870434,38.82076004749111,202.4527470706833,7.491778685843,0.1858192175893626,26.733191959831366,65.29732655043271,6.730302766751581,tomato
0.9004271902038461,44.97131804211891,166.87807355406903,5.7361659241005905,0.1260840233472707,25.215589603578696,58.6280392999905,3.8966262225795587,tomato
0.7037470793881799,30.109769504820562,266.91771359677927,6.807386258732398,0.13242179771690704,22.601107172628662,68.29026943947065,5.126101458204338,tomato
0.41691595780489876,38.26232591871559,204.14413116547007,5.093316069712113,0.23110247320314636,22.89656419944191,67.8732182434454,4.728304149043181,tomato
1.406734104998739,31.762966882946195,207.7802460319652,6.698623768200344,0.18336765971047606,24.88110323338869,51.60370304472127,0.0,tomato
1.821111019551274,31.65502947011043,279.5957230553323,7.456331551907336,0.26325504770166896,21.754150099999386,37.17959363509223,1.3032843243596341,tomato
2.1279902659348764,34.04268867850508,261.9953119765106,6.435512612353546,0.16915992685648343,28.755414305519373,82.28532972911583,8.07762143195669,tomato
1.5324785119878381,26.372877976987915,278.4261625109184,6.173842494462807,0.15951363151615805,12.167910444784376,74.13576069633726,4.355074775205196,tomato
1.4191422296395018,33.97512052011295,276.2568171223352,5.905407981941007,0.21326947629342655,32.52563321885636,63.46719922044049,4.515531203278562,tomato
0.6275436730137026,33.29063611602718,142.3913619831253,6.385090248058851,0.2044873183190365,25.185703847551387,55.435958289456565,5.046591957891398,tomato
1.3082081851610234,35.705150377781464,239.99886505289524,5.286679067855539,0.1661779682134053,24.53235601664984,53.97667982275795,2.6649090233997796,tomato
1.885088458791439,33.85636944126335,239.14595758235234,6.182366286144467,0.12448053502626635,31.385346209838225,57.63154684532414,3.3706085656930886,tomato
1.1451751176844918,26.823675665292555,198.42208302213467,7.228914670742114,0.21714317051157916,17.036071469099717,50.83294228325333,4.007801288286855,tomato
1.9222624160354829,31.643008196224468,190.66603351091356,6.075331165351604,0.17190541189614497,34.9982254895055,64.40793209972908,2.588731573059428,tomato
1.245972141423373,30.455886766926376,217.94216196971288,6.283737931953157,0.20362159097917384,15.593694736885006,63.69133217818066,3.4900337768947653,tomato
1.2583229732143713,37.478444241551955,264.83757041015747,5.311651371601298,0.1831923474983679,23.474051569903963,81.68834245137299,3.306141892517095,tomato
1.7325019128346397,28.94226609588877,275.07143309613184,6.999782347069061,0.20686754648521413,19.98153450452559,74.75274352358902,0.49131402393896106,tomato
1.540486716737261,36.88836813546775,231.46990396138997,5.916206953663715,0.1796439190760926,21.94346489890836,84.74629004195153,5.6797761193659735,tomato
2.019677502605364,35.256432298807574,241.52975644578842,6.491086648485869,0.20701197267103735,26.10289334848324,46.5874645141254,2.58326495347014,tomato
1.7382000080498026,51.864469061673624,217.23491451784113,6.063152895121954,0.16754962220082356,31.29463326654546,62.822066471495425,2.466554574105374,tomato
1.4156606087999297,35.61962112999781,253.41814266709952,6.655817998459014,0.20704816765440529,28.910545065666145,78.3474320230999,2.4707382783468113,tomato
1.3594502659515748,32.721681728596124,255.26856110064682,6.787566915981629,0.20081209174109688,23.850060053968654,49.391914080761765,0.9870231786778834,tomato
1.0658063933377748,30.751535574441434,229.53082733621937,6.91714039576947,0.20574237677250146,16.722563646257818,42.818312505062856,2.443457668944427,tomato
1.6611876993005337,34.09148733357851,240.4441619486448,6.080709488143886,0.20968249812287135,25.765252725669733,58.21174082403172,0.23439190295276546,tomato
1.4589649572140035,32.768875593835574,246.46747190116687,5.351757192896333,0.23763623228239372,24.621934074562784,73.58972791928437,4.4023294990402375,tomato
1.6867595640804212,32.148074111402956,211.5646151271923,5.479879215247954,0.20500283903746058,25.569143072385536,67.02016901882666,1.1492745090504515,tomato
1.380359907394994,28.14204719092224,163.5945113492246,6.301952729598052,0.12910727694581722,41.25266676197142,65.85004510330428,5.475532537924414,tomato
1.7148687553729693,36.48393165892209,191.13116714881073,6.445883607981105,0.2400695538571,19.521504499231735,73.19136034578405,2.6131014013196907,tomato
1.7093510695180238,31.100484358137845,287.03993810605806,7.078681509820788,0.17318097112551262,24.53875717362007,66.70457928991813,4.340968232450569,tomato
1.4939996859953364,17.454494928338228,183.9138796293491,6.759412067167661,0.10324710103438159,20.885196925137226,52.50342721231366,3.5719977653582315,sorghum
1.0630357025712842,20.45094004206571,170.10729303854833,6.915820752663307,0.08617830421977632,28.893246321462833,37.04520264169824,2.2658375181422485,sorghum
1.4244980651209942,15.895507109674583,197.24358023459487,7.386006292055264,0.0838749691673769,22.74723971194895,51.69757278594267,0.8164924562676301,sorghum
1.120561499115213,17.593615847686657,206.2578112352048,6.646427674730402,0.0723004989506747,33.09771804255979,42.85111143139465,2.6199857727384055,sorghum
1.5918983178933397,14.226766178664121,183.71078924901477,6.748640314483103,0.08266795835585514,30.745437804628686,32.56846133298268,0.0,sorghum
0.8390416166191357,19.319715566741397,215.1648420574065,7.054741243885348,0.0799708918888587,19.04272650463735,52.57370114678245,0.0,sorghum
1.124218387563677,17.599753528253412,145.81390782290237,6.903456379520807,0.09783760350430286,32.29971044935766,47.52681837895858,5.232438395739225,sorghum
0.7019075499089824,30.328891904398635,267.9412226109072,6.518815255292592,0.0467885455715609,25.77774617342598,41.15308184597779,2.348061655264571,sorghum
1.2151727780754147,21.788889630154767,109.45802171571907,5.517096321402045,0.09619431808642832,34.644077004634596,46.80969539331009,4.889469428654871,sorghum
0.6067659291593606,18.4841993690691,243.42465668940415,6.787248754738848,0.13809437946433184,32.70613437898035,41.47501320178171,0.6226973706530483,sorghum
0.5252821783949707,18.4637387024977,277.80768943956684,5.742684972817986,0.08616027421864719,33.43545391904969,48.64336525718457,0.0,sorghum
0.9681128757728181,21.289231254196874,199.04757693801727,6.528978499928627,0.0910631687346735,35.078567432626244,34.554471021175885,4.502345952248771,sorghum
0.804454168611276,18.368955434467672,184.367703739889,7.221608237334653,0.1374860314710181,27.3709853996652,23.206591826257654,0.3566461579182517,sorghum
0.46409232647154697,6.025999024347103,171.36138184280207,6.525137332181304,0.08406429391243651,19.88977799751589,52.28706044739347,4.569649924364012,sorghum
0.8746369037126541,28.39190491318952,116.39867835297916,7.215726082887814,0.1171569759413805,28.266458321158527,46.67715722633031,1.5559995129875117,sorghum
0.6561801444157478,9.709756896681728,234.2966806263174,7.018489359501082,0.10668914173570007,26.482897486408035,34.25872914984698,0.0,sorghum
0.50964427814936,12.375959139025646,218.0427798490236,7.00049905986632,0.08110663631378018,35.723026922913114,38.14929787449402,1.544723637938727,sorghum
1.6049154789111597,28.84127257914323,254.4388527137902,7.547548667928872,0.058238498216050795,26.444122232611157,37.360711215767864,4.128648777046441,sorghum
0.5314350601879878,15.382974094737708,162.62386087153416,6.22122718012745,0.05918318728069333,36.42826554859525,54.55699509299607,1.5511465540872982,sorghum
0.5842227330476464,14.882752038892066,201.33386310752977,6.5638057848631846,0.0861991512332458,25.39698675224436,49.142303007211055,1.4929943086932898,sorghum
1.2468281254207474,23.946414775151467,220.63533850315497,6.538639245007279,0.09274418583181449,14.613531059865414,38.488170725042295,2.9547297667646784,sorghum
1.0021787297016964,11.012372543554102,137.30599311029428,6.495346378057715,0.06790834417031337,24.095103776751422,57.550948574285485,4.277361518222181,sorghum
1.1502457956400294,11.982193684747353,264.2181255395619,7.575184710668547,0.08825222430014427,31.68933514757439,35.587335459169296,0.0,sorghum
1.637106938856085,21.738083790134986,192.02931824812433,6.874522467672275,0.09493001552368818,31.57009960532583,58.93459954419181,4.51026545619561,sorghum
0.6908862771681284,17.980559703892908,192.51091485085573,5.806864899183489,0.14917645772907198,29.027820171263457,27.161209944907334,1.3453159901388971,sorghum
0.8557369790591711,10.831917909707748,248.164890708616,6.89979821692849,0.10183553556611631,34.390885415769915,63.64932723954273,1.3397766048103934,sorghum
0.7077413120992762,15.180386216161057,211.66113145855195,6.486197804255631,0.10005487628267914,34.02951481206032,62.06991453737575,0.0,sorghum
0.912496943359303,25.500098009486944,163.5013055091729,6.675810094412587,0.10433978652746567,34.5252981974938,39.59285365487261,2.73513020480691,sorghum
0.9885510502965684,21.0161918739712,187.60062401298092,6.841527199635894,0.04953272001880684,23.609974953536987,32.7918298717353,1.0488017948032837,sorghum
1.0406496417242443,19.60567639322319,214.96108834485082,5.768892615136126,0.10646016668700531,25.625812825186355,27.0022875379801,0.0,sorghum
1.2609381795516583,10.206566657733713,252.86244989091267,5.976381130201176,0.08248724818590839,29.281873599717795,34.10103269598264,0.0,sorghum
1.1995295475529284,14.96067101892813,151.33560061422887,6.663989130761987,0.09463043322311923,31.08885970699149,37.89374029722427,3.23369504690253,sorghum
0.8951601656597702,8.597048050657891,146.76078690736765,6.856223382792099,0.09191086956556482,16.742718108833287,28.952658957054844,1.5348779608995808,sorghum
1.1448229988351628,9.455195844529767,206.73274817011318,6.608121171001647,0.09063641691000128,28.072614676314064,48.77096542085057,1.3248097700590904,sorghum
1.279534069495855,18.338140073634023,238.8367725228968,6.700038783444808,0.07812104033655268,15.366798346152201,54.41718160397704,2.2991504796571065,sorghum
0.4329110137634272,5.340746385133883,187.77413481519292,6.121194387930897,0.08045654699762171,35.1521381288893,44.05880146836655,1.7102453077813673,sorghum
1.1410548994110778,20.272920718881974,89.38746926343443,7.072183447369419,0.16720608914030344,26.837236723536975,57.42451545586217,3.1525393620491036,sorghum
1.593432125139758,14.865090058079295,266.20184539725847,5.74937412349057,0.09780635083157443,30.17452777301767,42.915268698378505,0.0,sorghum
1.4077548161982592,11.948929075028481,188.6075804343016,6.82682180414971,0.07832994433533885,27.300459633661582,42.010625047914004,0.0,sorghum
0.7274658781145746,21.506060036041145,236.5990497616242,6.847767607310553,0.06879093853447293,28.663245473173685,70.51915562082715,1.5554209924163738,sorghum
0.5093839959188285,5.350857863173665,240.49093180671545,6.038327372802355,0.08542160248130026,24.698737078534307,43.05994213879218,4.165624693634759,sorghum
1.219912194515943,17.112179984999088,159.636802296372,5.6835496283749665,0.10051111060202822,27.96071846692085,23.175203750889345,0.0,sorghum
0.491638610350688,14.616267643470986,208.59737794940398,5.781444253077496,0.08864992605658684,23.89602106560181,54.75521084983571,2.2092506795703484,sorghum
1.1886908257514288,11.205226260333355,122.19417505614308,7.623978411969071,0.08349435619364874,21.831844896296094,37.634065737802885,3.7789233402910485,sorghum
0.6153603882437202,22.360948253901096,100.49509979997829,7.937546903359541,0.09214778173080493,25.190591978439393,33.238022881044486,0.0,sorghum
0.8387687223259148,12.515000897840324,208.57513703458878,6.638704159760534,0.08961701692232187,30.720517638632593,60.38380306298597,0.0,sorghum
0.5849839759989304,20.273727589881673,149.94606602563945,5.558802371440626,0.04660033869742117,37.316375789441445,51.678547154426504,1.0786289175830044,sorghum
0.7302497989792546,25.12242548374565,187.12770120430432,5.5296373203054365,0.02,21.857548666236788,50.87881608604147,0.0,sorghum
0.48159757281346427,24.77341941473864,290.5374941280618,5.452597967952073,0.0492294797194877,26.347608641010527,36.81353860555432,0.49977388952790114,sorghum
0.20569178061840343,13.5331938382271,185.58732494810033,5.791147906312676,0.09952596858635601,22.36661919097606,34.5702883243961,4.585908353503991,sorghum
0.4243360337196649,28.078825759473492,107.62682856397811,6.539312600922614,0.09628628215144566,32.56289425095586,28.22732594776829,3.0237577650675735,sorghum
1.392804137812744,23.320616236444717,108.26137767694286,7.026649393037151,0.10788599739638591,26.024047593582807,66.31740482539536,1.2133075709177303,sorghum
0.8328961189854717,17.918782970221898,200.73383287464773,6.882971650438976,0.11477485923129815,26.85274148747763,26.374188667638663,3.277901576411497,sorghum
0.8476994651295231,17.295139302066577,193.8693724171889,6.579731870411316,0.10744332263238279,28.493187755889263,53.159116793065465,4.381524443572166,sorghum
1.241161035206629,19.987963933651596,234.89806313111686,6.509692271736628,0.0677700946218702,31.963193244453333,41.7348186474223,0.0,sorghum
0.8177828154562418,20.659527983351037,135.89023103862073,7.0477041166798395,0.04209728410241176,28.93275852271461,58.47251649401701,1.8048079339283625,sorghum
1.3011685253773235,19.03600454043714,258.56507153799674,6.880594128652775,0.1121477866371293,24.23239435011078,39.71257866159939,0.979527587553479,sorghum
0.8167072825565338,10.26457538201846,118.84909140067495,7.987708167887361,0.081775987421182,28.0716300885295,58.466384882347015,1.7563371910827779,sorghum
1.329781036601153,14.20324950734226,171.97389578963143,6.63223936683135,0.0810689591296864,20.174251134944406,56.67178103697542,0.16705705336614884,sorghum
0.9984507544758822,13.540238334839895,201.8365776392033,6.684080679808032,0.06773989709842188,36.05936817968176,50.12357327423088,0.09399619113408808,sorghum
0.9573857741340174,18.459708730531652,252.0492505601344,7.563276443982921,0.1057795190871043,16.510760811004772,31.683875896850957,2.0080073600220034,sorghum
0.4734486357293062,20.12634693728365,111.83774785274339,7.582440055570814,0.08370813308141051,26.700322176755577,29.050978076392408,0.0,sorghum
0.24637006054873434,18.723291033059255,182.7780517536105,7.044412388869398,0.08213480886716908,32.34363420248336,50.371472820440445,1.9375333449601793,sorghum
1.1217115940778979,14.589129328567699,185.2095626588214,6.705532988091567,0.10021962746180965,19.051776094619587,62.10794190775268,0.0,sorghum
1.2139163625701943,19.037341654168035,153.42312245633016,7.467728202576709,0.10424920249378622,25.026393866759506,27.474136284186002,2.2585376316626284,sorghum
1.1376457341077042,16.536725042350046,237.3893339952245,7.456066383026726,0.1325171866890692,25.885096452941905,34.387122895085355,1.9249011740538533,sorghum
0.9775070486984765,16.840077166352025,121.6299500678429,6.554587662199292,0.07901186492019827,26.223271056470722,35.42847216744828,1.4664709230089823,sorghum
0.6568668637013573,15.786492181899812,222.23287454291264,6.88654121524626,0.12123179226127362,26.50872837305465,23.08823038016184,3.807063051759352,sorghum
1.5949968017472065,11.218513339096742,209.38592625708048,6.945836017042509,0.04324500415197967,24.83537889782027,6.915992478710621,3.4356525280762353,sorghum
0.8087058091153809,21.349433707537095,262.5978453168182,7.1320783512619865,0.10424738978594895,32.74507102535928,36.881545128841225,0.6675556213127863,sorghum
1.1124763997674372,20.564291022067508,187.97306780964234,6.6141253141211624,0.14732646611300837,31.24209255638241,58.49355700799015,3.126945388061687,sorghum
0.9598996272632903,17.59010526577806,207.85197661210597,6.4775584738596335,0.15103761169980612,23.258396347671425,47.45464698742131,0.0,sorghum
0.6054934229500737,19.08162535976418,226.22518420576995,7.0465221524877055,0.060769688741996564,23.358643205208494,47.23957688712626,0.13966019544213126,sorghum
1.2919005108923152,23.128516278088238,200.86106810146143,6.527580779087127,0.02,26.75820627928923,36.72946815986367,0.5915644245132222,sorghum
1.0143655763263084,6.52035636152328,169.2351103728905,7.027392620770387,0.08903912660833282,29.748581737040645,22.919209695715082,2.87918307056705,sorghum
1.0158584147197516,16.604986710992307,140.8499664232271,5.478004681058568,0.05302278782562211,32.32680855765338,58.368319325529896,0.0,sorghum
1.336864619812699,23.94615855599973,213.721031652311,5.48302381461648,0.05430302864592266,21.33613230294919,53.92461571735079,3.457756228727793,sorghum
0.8588038096790899,28.046620851298748,179.71478772575648,6.761668983634847,0.10347653843739636,28.852345401023836,50.230532847942946,0.4939194005248614,sorghum
0.7880020053398975,13.52740982250036,150.59778043048755,7.116752313978215,0.11729338871100006,17.544863911796323,40.09987251524587,3.5374710816074764,sorghum
0.8601130367571944,22.557658471391854,241.0650948691118,6.471636793323602,0.03652981853747277,34.64158571201273,38.02299625564528,0.0,sorghum
1.423045510809297,14.215635232303464,158.81603050393028,6.035553490840721,0.0749950571727207,28.418292893800054,34.03575303902315,1.3187092916267025,sorghum
0.5083499720330527,17.096429915312832,189.64407366465989,7.174138687677256,0.0861519779153706,32.09245933806333,34.6383101396183,1.0529669813064224,sorghum
1.6334121869002418,10.701164689556773,151.87414300753244,6.476160133896994,0.06731722113642033,36.76691486575065,32.71848691466107,0.9717818095504207,sorghum
0.9679174630047145,24.2767157090088,148.4013263101453,5.836708214084082,0.10481230853418963,26.261746907940047,46.25188876916602,0.0,sorghum
0.8723671772130042,12.75473156053678,151.81459931429012,6.559766244031097,0.10373554582697023,21.696558883509137,53.91941730193885,4.04712915383417,sorghum
1.355626373232114,11.990692221596037,211.82637174584923,7.71920865185629,0.1007705410093539,25.217351450923708,36.55233605143735,0.0,sorghum
1.0110495016971384,24.902951094187696,182.42162214201272,7.470988320341378,0.07085267752755905,27.344965830427615,37.80036087905323,0.25729423510525706,sorghum
1.6269004908777713,15.704885579974171,193.62182284849203,6.695088245427174,0.12056146231138608,38.813706574065336,56.88009276748971,0.23471206880226803,sorghum
1.4625245749396814,17.54383784131114,180.1307816909865,7.465566154684422,0.09355404464405835,29.535961278679242,14.497949375927039,3.6822614411989187,sorghum
0.6710977728171311,14.154107851386778,172.79790162436865,6.897431718153067,0.10390349038555033,32.29810585743532,46.27264888945928,0.564894176023335,sorghum
1.1617420526640805,14.037627215630737,156.06062027920262,6.557695707528316,0.10685830168481461,16.85485071473103,41.85375362839471,0.0,sorghum
1.3510808560092529,13.104015401358792,230.76498112766058,6.733702843977369,0.06997960726029576,25.1628530131873,37.14478733740569,1.8180478407303675,sorghum
0.6649538512398261,12.719871942623731,184.00938007373475,7.456797871788742,0.10083945095072508,25.585794799574607,35.117717244352974,0.6220602813643024,sorghum
1.1192182156484523,28.667159024433943,203.78796928679563,6.339862505524587,0.02521050469729963,19.7050664294403,61.562643393933826,2.980618855904398,sorghum
1.2750246581815066,17.364398008079842,169.89270375654627,6.723207730200549,0.10395188436409324,25.082302741787544,38.01065395197616,1.5029455292436111,sorghum
1.1141187112913062,21.75414008275125,215.95657658459763,6.976864990600963,0.07344332419761004,34.14308906625401,35.38768276545561,0.04039744558649527,sorghum
1.0367052730171529,20.686886247533234,251.8228839007704,7.166729729697422,0.03632067284142772,30.8961581558792,32.598397012848494,3.03438813841556,sorghum
0.6811727359562612,23.122049483116974,177.3460353123301,7.928431393053688,0.028291403827737586,28.470157614804595,34.538640138399714,0.9357903561405949,sorghum
0.5160031048245457,18.050456672294413,222.3515280383865,6.003180004127149,0.051909143133289336,33.58279248553909,30.023303077095154,0.0,sorghum
0.5568063164748596,25.347401743775183,200.40076843497906,7.202337470809067,0.06809556745401146,30.123666688760714,42.8016662510813,2.6021363412990235,sorghum
0.6817015437687817,14.012723000379053,294.0710070895392,6.913310161336791,0.09201539415495108,35.72749516624086,24.42920323411638,2.260730837319645,sorghum
0.7532997827502387,21.549536252334374,151.66168444025604,7.174192572444827,0.07761632606264697,17.191738808632067,52.789534004758806,2.0177427596680575,sorghum
1.0449289574514888,23.682007174511657,241.34295637375988,6.687520903056052,0.1236059021918146,36.546260861668394,35.05634946522717,0.0,sorghum
1.2497450153542027,7.214716229700585,232.4875717665489,6.625400011602128,0.09102198653147701,25.833734171277232,49.56197088908388,0.7558061850090045,sorghum
0.962208962300214,16.189380147581872,281.6729363162497,7.364540160091254,0.06210183977847872,29.209634418044292,51.1098794184694,0.0,sorghum
1.2180910138926317,15.819358574152055,169.4064516432528,7.3736658171776055,0.09175579761568652,30.185761740050083,61.567074822052305,2.13851703292766,sorghum
1.1854360066174445,3.4624955981928203,216.12599586082652,6.5658856292992835,0.02,24.46001355843098,51.95872406050661,0.29946603406231087,sorghum
1.0818862333567993,14.301131753045706,186.07911046845285,6.482068949563811,0.1418468283885897,33.48941119462599,47.675159869643856,2.1282112839437293,sorghum
0.42427608997086474,20.367034959402332,185.65947696773645,6.359455168848622,0.11392788807488595,26.44753606071928,68.56404084230867,1.416047787029446,sorghum
1.0430696999780666,10.837976125051535,242.87740948391394,6.79229934459854,0.1076563667915115,28.9413592199962,51.666893533650146,1.5482983277657523,sorghum
1.469215387904304,26.816613880299727,219.69031965152075,6.023653412142711,0.08519131176366931,31.692186665799003,47.623808735171096,2.060188983328282,sorghum
1.005612715341554,26.577695554453975,190.4754943828173,6.476507285292345,0.08914910972557617,28.1179067003094,24.15877709922144,2.0738990619989695,sorghum
0.8456787283570952,12.597663952152665,145.7711844032937,6.54277058495395,0.02,25.994788955103775,55.51203748257595,0.547833290981306,sorghum
0.5608586471894255,12.121298507307195,189.69009899832875,5.698586851054487,0.05456870581361887,27.248110667072226,30.879420821615284,1.1533770585533512,sorghum
1.0804964242923745,14.154851876866953,155.12180998684013,6.36302681975682,0.07571501382647675,34.49634824860771,35.067365217789444,2.2156995111155227,sorghum
0.7867756498474778,21.719059228398976,192.56348973202927,6.802348857352787,0.04411403723981762,30.81041400478271,59.4640627015844,4.396900537165408,sorghum
1.1466284058375604,8.342252126468605,167.39210933366726,6.290155988909196,0.09022009442161472,28.908126507996432,46.85243507513233,3.328221420165038,sorghum
0.6090991938531118,18.558083282005448,99.11239177214182,6.969241107791799,0.05467139708364745,29.184888338595226,72.64995267267588,2.74055147602622,sorghum
1.6320197444657119,9.815938081286241,185.8144632747338,6.890222910661212,0.0562279754719661,29.07557462244436,37.706636569821406,0.0,sorghum
0.7328159849403524,14.749145897244414,138.91558797429153,6.646129407054124,0.15453723084733523,23.939777886436744,33.90522633197814,1.439993728029055,sorghum
1.2748819312196646,30.706547711364145,260.55843994863994,8.312556093124087,0.12354756434031974,34.25431519602822,44.67028777591963,1.6437638002156605,sorghum
1.0830042189664022,25.140370675362348,235.21264174182585,6.792142791229473,0.10166553914422566,22.702923909963317,37.91117443240574,0.0654985701963029,sorghum
1.4008252955374871,20.276438977960517,224.54470860928262,7.150847605677855,0.030736361178565506,28.66540660651509,65.32461102688427,1.983055674143856,sorghum
0.9395295067770202,10.313470170914002,297.73569766309316,7.3463044455224145,0.12112075773745479,26.00766673953154,38.11961341583762,0.0,sorghum
0.9526347532706595,13.340066205092722,252.61379968198355,7.738198125927912,0.11870896570710493,30.71954885722604,42.23416768107663,1.5603609596411103,sorghum
0.7169822653485145,32.05243541667616,209.95966248151967,7.431884002918078,0.033133143793869696,32.62773211100816,53.750285228827586,3.2515893789762265,sorghum
0.9748030634497531,31.349685311303965,206.65880250891558,6.700791285554671,0.1073715957228099,24.955304872795836,40.58875598472052,1.280398216927449,sorghum
0.03280284541213063,21.346116515771556,236.73876844098837,6.381592621591544,0.12403171418959906,30.671515675279338,58.40983568330416,0.0,sorghum
1.67679406235724,16.49415415046329,223.43050162443342,6.572528142485919,0.021502374502098937,24.227141578876736,49.23150504978467,0.0,sorghum
0.7819430725748545,11.684485645553632,147.76773464288814,5.709145966494382,0.04519050882719034,23.95000099517464,52.20177363433682,0.0,sorghum
1.0189967252403087,29.01636014977158,157.18076660823792,6.893051071106095,0.1175123420497497,26.442157560397984,81.4304451831241,0.15057474958325945,sorghum
1.444347614394344,20.54329806827051,201.08085820023504,6.261050351057664,0.10998816643253839,22.31387441990357,49.719415811627115,0.034554239772092155,sorghum
1.3763512450138575,16.177218450770653,201.70969241811903,6.924414560002182,0.05792228925180276,26.75535453508427,44.41249299476829,0.0,sorghum
0.929678855937534,20.153754722224626,216.95062370291544,7.285941597562222,0.10167649191503599,27.19461245535196,35.15261461679023,5.061901407172141,sorghum
0.40885624133597187,22.33827769755591,218.88847364014518,7.259530157725328,0.17092244801054485,30.250116553135328,51.480243016686444,2.1918097738537723,sorghum
1.2953125886984282,13.192187142899723,247.91296237305042,6.492789715186019,0.0335911985750701,33.45299987315563,41.256738624417984,3.8749584592112303,sorghum
1.1050358060757555,21.0400674208601,169.60719453685346,7.21633557773194,0.10256667054886705,29.029650300719815,45.44846124611701,0.9497555953087604,sorghum
0.6053151502425018,16.24598275029342,289.70792785837057,7.5710683617788685,0.10805499240384829,21.25098519323251,45.77471154574505,1.1933719609448685,sorghum
1.0823477936339612,20.884941971625505,232.79221094218667,6.641363970585209,0.0642226975401072,19.39229922794454,35.24445002490762,3.2360189784584223,sorghum
1.7160437437366918,21.18705488089614,183.87981995489307,6.848121594300474,0.02,20.58966291005609,28.2327688457622,0.0,sorghum
1.0758236526813618,21.42351718888795,79.49970901850939,7.905436028179166,0.1266368932586378,32.195175584928904,34.026257091140586,0.0,sorghum
1.1407864418207196,13.725276468315736,246.38847121790522,7.025030605770989,0.08684933587881036,35.16682785734235,43.33103760937075,0.34495740506550254,sorghum
0.580377925000122,12.311946107150316,276.2122832688817,6.934539517336848,0.0625496194986475,21.36831895398757,49.182248701895425,0.0,sorghum
0.7086078497299508,17.721129316097553,177.4684230422219,6.115885125709044,0.09897773637673742,24.571114525998635,55.275709688203655,1.0337517101613487,sorghum
0.8797531932761713,21.946487299810066,205.53241690825826,6.9802823086806205,0.13090383447454046,31.186341299413144,49.231332979407895,1.8434718884649253,sorghum
0.8111084457285541,19.07647881332712,259.1185604312921,7.15826235920572,0.07243565012490893,21.917879760654657,42.48841246814287,0.0,sorghum
1.36113305170596,24.00829810812185,243.36377268365356,6.431542294952743,0.02,21.838413634543354,48.39779020861477,3.3925350883644105,sorghum
1.1996246840716154,18.73870492089902,195.97932017865017,6.906996318592527,0.15721809742476128,29.918197573990852,44.89428069481373,2.485137709277562,sorghum
0.4871174096838319,18.131659041831792,133.44847680400133,7.266211250220346,0.08166309534822518,30.389934627001413,30.455881920827125,5.819634083352231,sorghum
0.7311793712186364,20.445620677581516,240.1767536144926,6.307134119903326,0.08867462742056322,27.419072988979558,51.174528320539736,0.0,sorghum
0.6509455468048151,21.49827414387297,215.41689342641575,6.675189348414442,0.10936717532364262,25.536560569249197,21.083758257257752,0.0,sorghum
1.4669055206033659,12.72837966459365,122.81051984305266,7.208231315486991,0.052620091621855505,22.202224926537934,48.59760940607719,0.0,sorghum
1.4018534905407138,18.118494209189837,213.89033423242392,6.068215190484829,0.09762287982856542,32.36190934470931,34.359477311998624,0.0,sorghum
0.5695904100868077,17.76899808381133,300.02435811903297,5.479963457501305,0.05335933979783941,23.531476505989723,18.06384432590265,3.1448072843584565,sorghum
1.1198001948093097,11.716866076889064,179.07469406293077,5.9589754961359,0.03296913778890141,25.973912049666936,55.37230289060766,1.6965153897954826,sorghum
0.5894196993514286,22.63381345617875,203.2654262153394,6.042739088261574,0.14807535686794315,20.034053817518554,59.103215011235235,0.0,sorghum
1.0363762517220816,23.183650287986666,148.6484844164378,6.345742099619442,0.07419832426542466,34.90577472924011,53.40960735359852,1.5477900082638578,sorghum
1.221092403473154,15.402586590028507,184.6638840297855,7.4346380245588435,0.1734717131732837,31.105194729764907,33.538964582323125,1.830620712238796,sorghum
0.20063889942352653,24.447167703277145,201.6323204780907,6.245984208738268,0.10733562564409034,22.219868211205956,32.729124546486396,2.3792515846573057,sorghum
1.5953341107273347,14.86713332210137,165.47659319700838,6.304651187528682,0.08083037054894482,27.04518367463967,53.29444861437842,1.1031536834315836,sorghum
0.84754130166212,13.80700437574255,214.57749554031562,6.992111583483442,0.1347936691957214,27.568213310603802,37.86182600771853,3.4102939512881463,sorghum
1.1635972244447592,26.679113315381258,246.9586502252165,7.115504901627266,0.09675771860933564,27.663216833653554,58.67771892867442,3.6238066128828406,sorghum
0.9736371092439702,26.771178462611566,167.99708615640395,6.151670838195455,0.10963890356049433,26.117843377789534,47.80053998727906,1.977017125652595,sorghum
1.273934406942134,15.852664154429668,135.23135761837972,6.501116286523084,0.1806559112855441,33.9546190752959,61.43022502227543,0.0,sorghum
1.2589654912677306,18.09284962207795,204.33849148731144,5.650021185928516,0.17519879715260417,23.563048119516374,54.950497790904535,2.6321872413600875,sorghum
1.4311405512192068,25.067432184386227,199.29154694256817,6.0401486546161856,0.12741601552076298,33.153658445548345,44.11490370924648,2.0208293080123907,sorghum
1.0792695757360553,12.565890169790972,167.78633397458103,6.951740796245888,0.14293131255092248,25.27446864697129,59.15261253057233,0.0,sorghum
1.5859698690507735,16.045948745327625,216.74775324680053,6.682334629255845,0.06673857834129437,33.08660679835376,42.075665977018076,0.0,sorghum
1.5880788401827486,17.436518992256783,165.59220457941285,7.13983967371831,0.04482443950763862,33.38840965141973,56.44357476089306,2.6521546129536704,sorghum
1.0915765592627134,14.162959288473655,213.54505772137668,7.49500325363557,0.09853275214067997,19.791604725204284,79.5225236893574,3.771875057179165,sorghum
1.0745298043695029,26.684168765461102,234.87569334778573,6.3353116399014775,0.0945229900361917,23.093422458281978,40.001234267807206,0.15972000623086635,sorghum
1.3711227113649818,19.71749289797867,232.16183033490955,6.713148110220544,0.17134162772821282,27.097397135685483,37.608993785794425,0.0,sorghum
1.4834357073901971,4.47972482030476,202.29066025279067,6.506918198828695,0.11595253524439524,22.39603356985442,39.46663186868712,0.8253640808694371,sorghum
1.2688154871000081,23.27833258115094,262.37905081792735,6.67656364371293,0.06355265256451578,33.89572707513137,67.31562853510253,1.9697390321936683,sorghum
0.8761755162593706,22.73558802581408,206.430042730694,6.250432396992321,0.09742136455420597,26.696197238705313,35.3974838479587,6.104069851655512,sorghum
1.1764635510351125,21.515875331818584,171.13996755079478,6.937391760302653,0.07068324785580901,32.35188629717655,58.18195729679309,2.308963388089969,sorghum
1.2677074384237093,20.342407180082972,187.02827020720022,6.822417818837712,0.12097634758032132,27.476352906150552,39.2430588756856,0.0,sorghum
1.4321920796581011,14.593445943736253,215.4395462846283,6.242694292125103,0.11266022806494579,30.204661400244106,32.37285750819688,4.821360904856494,sorghum
1.0993413969722339,21.77924563176218,200.1642791165777,6.286190777384622,0.07886058125718351,37.46347216230295,30.757376806635023,0.42527753462696316,sorghum
1.4052948256703282,9.520654018073735,133.71043445892948,6.461671500384119,0.07926165392330102,24.090870447994252,35.45565476275919,0.6568609185617839,sorghum
1.462759554978056,11.87248828314447,287.5647927324531,7.040437566956165,0.04505063226937608,31.521173220206574,44.53151517489126,1.8492771494102522,sorghum
1.775405070138352,24.127751418035924,171.81825385662412,6.549752500863071,0.051017758023238595,28.811246961184143,35.359677955333574,3.114397271848519,sorghum
0.9580658143528085,25.989267146273622,115.83666984878276,6.299907260208677,0.10849424225543292,29.496203599649505,35.72914300522731,0.0,sorghum
1.3306851937540516,11.706091273783624,221.41532374413165,6.7445010064436515,0.08445910740754596,25.058579354526294,68.10526389836673,0.14109634178835284,sorghum
0.0,16.89685317874151,244.72156491252215,6.724244000930031,0.08090953161383904,36.801601674865644,46.270444027634845,0.0,sorghum
0.8829707257336844,17.381927284877136,206.18396669775908,7.563077658337136,0.10516234404688884,33.72921176381202,38.17864955580791,2.8895517007814546,sorghum
0.3523710038835741,10.878731558230248,182.01568304249918,7.141438478800061,0.10117111828400231,25.972762582502565,29.785290999598423,2.589411690751221,sorghum
0.034156514114428216,18.24166046166629,165.69955368492475,6.918576148666178,0.08966179586305607,30.618570891666963,51.88352317853288,3.822074374842429,sorghum
1.380502609313767,24.12365707471254,198.6794376621448,6.8270985066667516,0.14784720271446178,27.903676385989048,42.85915909680662,0.0,sorghum
1.1647211455950024,21.121463661248114,246.9296914610458,6.502051692170803,0.05782766237063632,21.51667041741601,45.96202516765385,0.9082199262622361,sorghum
1.1862086068703692,20.539450386291758,234.49617536078176,7.4587696557263,0.10564640120632915,18.17371201598808,39.3857538921125,3.033250354110053,sorghum
0.7154257992947413,10.363826851237631,161.69603198313894,6.840137005373878,0.07425103779689474,25.446376519866497,30.364620765119135,4.420079814618152,sorghum
1.3240035770701597,11.121555696855857,80.38477719707882,6.792751118841476,0.06535569153178604,29.45956142140963,38.558059651848865,1.6783456732413184,sorghum
1.129920132659291,6.855471551288851,189.42248201148226,5.968665379879677,0.09484195100876365,30.317678883463323,42.73018630143897,2.7884906841656516,sorghum
1.2651067199112322,27.212319223095868,114.75828111424644,6.870326794999607,0.12533205269818834,30.195338290716307,42.19417116107866,2.5466225580812694,sorghum
1.2121233210193565,29.41679895093357,251.71824516808763,5.393669443167285,0.08507077600775656,33.67751300957468,39.0555943749362,1.6057936367923562,sorghum
1.0975477181873448,9.525674261133823,91.18834830137692,7.867691662927309,0.042468860911967554,25.711062604904832,50.81999916651767,2.4455343927989435,sorghum
0.8152187382719935,21.338005620695444,262.8395766658878,7.394805895212893,0.059997403292169155,27.55458185281231,41.440228741000155,1.610245817724258,sorghum
1.1606093714693433,17.240346406356224,217.59303786807092,6.4283512443276525,0.09315500542667254,40.56663862065498,66.45641856987513,0.0,sorghum
0.28991094710752296,11.853951901910154,245.76631791443486,6.302278289553479,0.0928473788915505,27.941982449821268,55.32784689175305,0.742115911498479,sorghum
0.8353570288228136,10.918433220649733,187.78541446748184,6.6865668086038506,0.09583766384130753,30.24613502382241,37.92957584913404,4.388769743289895,sorghum
0.9953597186538082,28.841864907867954,135.7090369448497,6.264546222427293,0.04702844515595089,16.860734046550956,34.65807551301013,0.4513334892763513,sorghum
0.6430046450428232,23.752669736421183,220.7661736504804,6.361754661897283,0.11060951874596821,24.339011797231944,45.829527612617554,0.0,sorghum
0.6287620074715847,18.274056118327447,126.38398626032122,6.349062512546016,0.1493451303901502,34.423234708400265,47.82260155421477,5.186353313537461,sorghum
1.1007776108589384,23.940830073569398,207.4662535669282,6.694081424352616,0.04983821175152402,15.61387727293577,38.95479924234074,1.5895584241961802,sorghum
0.9815261205763753,13.799062989848608,218.42340451796701,6.964066900619834,0.12126599296722732,25.47841249369481,62.19821837555547,1.0434388248082365,sorghum
1.5696912659597886,9.900218742943482,274.9454065909911,7.454037018150399,0.07816102410863812,26.568798773150693,44.96775096065174,3.901265704663029,sorghum
0.9814092258143098,3.8430452378092355,192.82415372842758,7.381108647259043,0.08641667100627867,30.979312130029676,45.891905079682836,0.0,sorghum
1.3630689167451193,14.888959564786344,270.1080520415756,6.647994491943213,0.1022210259466897,26.508291970073977,36.340801081017375,1.1664386315671702,sorghum
0.9957580397304743,17.96255844752036,155.25261075572504,5.377288350653546,0.09093275369737004,21.627316514072746,55.08563721847345,4.013765827494732,sorghum
1.4524457145410352,17.055043911885537,175.38598868419683,6.3593877396514635,0.10122224651420039,24.71780424857731,52.24355113775291,1.5524210728320007,sorghum
1.1083994875380123,14.478427339344883,185.53533332487396,6.904899933829371,0.04383010541416361,30.167519249870118,63.925810138090675,1.8323944424829561,sorghum
0.9457247245018843,12.341542469051872,193.15174696133613,5.685582374400523,0.10889346502596746,23.419485507631908,36.357769173211956,0.0,sorghum
1.1844637635415962,22.919037443948636,195.70641664214062,6.841276994589138,0.12053589954740557,36.574186811821434,40.566905638654916,1.604032247154607,sorghum
1.0749079156140164,19.955828871122378,148.6267046666436,7.025994162529943,0.08343980877520199,25.134838755691646,40.708207995302466,0.0,sorghum
1.3209070584972809,13.077553659494633,238.9294159144615,6.231708961284921,0.13513293687954153,26.425964333966796,38.645649968460674,3.1250075345030197,sorghum
1.2233025642224522,10.90811326595532,173.28273998056454,6.346237827750385,0.06957941310653552,28.966978983943918,51.748129748181356,0.0,sorghum
0.8082008841872874,25.503445602333073,262.0232571979593,6.219882076640461,0.10185545932431825,25.161661384914723,39.17185875562425,4.502021855490061,sorghum
0.8507979770675156,18.573945823509966,119.96589772155946,6.175877439801008,0.09813756401767204,29.188791761203333,43.79117761057283,0.0,sorghum
1.279724498882023,11.98946513298284,138.60035706712586,7.234310665115069,0.07492891247982915,19.04470661462007,52.14274741974097,1.610358717971336,sorghum
1.445514999569847,10.438909117774308,190.86803429913047,6.893318553761464,0.11758422146585557,23.131873470474968,58.34111479304396,2.318423271615293,sorghum
1.3695771434652126,21.670324883225835,219.13605822569357,6.95882153172445,0.027394244324873043,25.161750980707428,58.406316911260674,1.834234269805561,sorghum
1.1007400998786252,15.197725896638387,207.34830181193067,5.79976502409395,0.10675574680585928,29.506091207735146,33.24824396531869,1.942246507877378,sorghum
0.904613223990998,16.17192190242191,193.18475931818153,6.034379376203525,0.044058060630773284,13.74251140661561,43.369999739272124,1.6421871561373096,sorghum
1.0821670951057514,18.102220141312166,184.92248112539536,6.585718368123893,0.09317827543827528,26.844699409489635,36.11302139012808,4.223593109783893,sorghum
1.1655571898584367,10.555985000673788,215.39491794230892,6.893507486770757,0.10523212401501748,27.33936955213859,48.13405337621868,0.0,sorghum
0.5740155092870549,25.62726202456679,189.4111595269213,5.882388297471661,0.06991985340396376,13.350043923434116,38.105726034440295,3.9571695157130033,sorghum
1.1148614005319581,11.17279984394609,180.72867094817596,7.183200780478396,0.113729847531897,33.28830821785519,55.66185508736493,3.58049984602929,sorghum
0.7210603467547904,16.771808941922735,113.82721790102192,6.557261915809567,0.12817797443083664,35.564325363396236,40.94343528946868,3.9052701120067423,sorghum
1.3298106485377537,19.54519754924128,236.5240068655641,6.860863982490491,0.13668720852178462,29.110184324827053,54.33766661313156,1.227339152064501,sorghum
1.0088797142112058,23.520886930427313,166.82551357880905,7.176971616623794,0.04720271228573887,27.387525884660633,32.21934643265127,2.6440360845835107,sorghum
1.0177307674791358,21.398150052838428,186.0633340879822,7.128269852319796,0.067591588549198,34.6247915556624,30.139275211135484,3.9666520208926643,sorghum
1.0743567528853224,12.320832407012087,258.77899527786656,6.9469993313151965,0.08183041330585851,26.832668174620576,48.222619445688856,3.1837011064221192,sorghum
1.2764924264120827,11.970037171306085,131.70583343243212,5.987457085385547,0.1387016697081373,28.745736734119607,26.42008133354466,0.0,sorghum
1.1991034879417866,16.251214152176537,222.6516129155051,6.8868202575106015,0.10711226781457665,28.74343657406774,27.298876105681455,3.5887108937782832,sorghum
1.3167385857519658,23.37984649667318,185.5830143782421,6.689037730306103,0.07092186357265727,25.254669672157576,49.66923710954035,0.22167731382546074,sorghum
1.3897867388558656,15.756467186739139,239.15882920194886,6.396082325292115,0.047144050968909,33.889202684249206,40.698734093967,1.0710693034558212,sorghum
0.9773407082452225,21.458815539154074,253.6968051542209,7.070887133276697,0.06854435219005343,25.1550395705178,52.4504464187727,3.488298494224586,sorghum
0.7253569946387478,9.49985505440096,167.88397220678712,6.893325888573006,0.09167078218483753,33.21172965691626,42.63177045173338,0.0,sorghum
0.9334862400794995,10.733312651981441,198.71685514217324,7.203214451555658,0.09256315470847967,25.96211288358625,60.611225301193386,0.0,sorghum
0.743103521388585,34.45282210020193,157.56776075421763,7.058282709786881,0.09010847471013793,19.581566199215075,47.354827477893,0.761944885337607,sorghum
0.7927328206881377,20.471298002833457,171.5512079347707,6.211545840222723,0.07810009122926281,24.191427075504972,70.55911878636134,0.08392904985538063,sorghum
1.1455985106387987,18.367464077347663,156.78619769716346,7.130388768546411,0.08460339323965788,32.070931885293305,25.41151139473743,0.0,sorghum
0.21753632650638322,17.56020685387349,200.06175331758095,5.73729278924277,0.05979908275297195,32.68961794464634,37.47607053797929,1.1923585673675186,sorghum
1.3122008388266662,17.402321636443073,239.6310057788264,6.584404380351471,0.09612916265042258,26.448047111840552,43.7442385950751,0.6878412934281101,sorghum
0.9534253099277382,16.095241735547525,210.0380847029975,6.346315721356507,0.11073895377727261,26.284990469522718,46.060958675667614,0.0,sorghum
1.1279778083891174,13.9202245848752,161.89362871390944,7.564899196637855,0.07043730956856516,30.17565392657909,48.513030273754175,1.9207153319189993,sorghum
1.3925073569968431,22.546592190038186,119.04512020601807,6.542767307614896,0.10021079989790203,21.902720702408594,38.7352535844958,0.37467983029706664,sorghum
0.5883962993397451,13.312961443448469,200.09803437771774,7.097240496421124,0.06443084761896169,30.482581142405525,48.77329499155045,5.289873485686556,sorghum
1.3433834960171824,10.39268703575324,286.88929909535,6.33531320899959,0.05833738192437283,24.16740468773247,45.563742717121976,0.0,sorghum
0.7008828422466182,22.27792496376746,143.9817257417748,6.697364912435629,0.023860352740911667,24.76174334917745,46.36719838478702,1.01584985526235,sorghum
1.2582053569491005,28.19864440209904,200.99146299093562,6.697479571978297,0.13761558563435292,33.39688652509197,49.786372703945496,1.8771281948635679,sorghum
0.3484947862919682,10.182292022565235,191.54469647252398,7.28362885734129,0.036299886558715126,29.35015860940177,44.145835646008955,2.8273953211260237,sorghum
1.175200889107775,17.601422429061127,182.64016951742428,6.085978300958436,0.13874962071114685,28.134532217059014,47.598733285366755,3.06604604484472,sorghum
1.049051199312294,14.894285227283813,226.31186166092726,6.884496917429616,0.10619355250421417,29.10483452068879,24.64343412225593,0.6416100517913155,sorghum
0.9000545112436455,25.270073893688995,196.84336078489096,7.296557082499722,0.02388931694501159,29.353406082426805,27.739349116699834,0.0,sorghum
0.8212378643288272,20.019092481341286,171.8611274386021,5.2905228453716715,0.057415418317806215,24.31522029225263,56.770103353554575,2.1763740114857866,sorghum
0.8141700242636681,23.371906787487013,277.7385269204632,7.465552889076958,0.06677589502308642,18.708323624775602,41.03788125652629,3.530313208042453,sorghum
0.5154054157631974,23.475753566384057,220.4443763200083,5.9570214015423035,0.09556241709903901,23.53293388721729,32.97370546396003,1.2960953857558681,sorghum
0.43129859839079676,22.191868635294256,256.3065750905467,6.965054433763446,0.10366993761541825,29.75493343888704,45.43252724901993,0.8260197853307953,sorghum
1.2211730869277395,19.028508859304452,244.43904259776338,6.655515534693028,0.1000997447713345,32.76250430400619,48.86239259439758,0.6291557988537456,sorghum
1.0568043524329824,16.979016042434967,218.15431412074327,7.244913626868598,0.06523387359568722,35.472526459646765,51.03290650752326,1.9300036337437043,sorghum
1.1464119495560088,30.558028791565786,138.8097896168498,7.570898693402471,0.06775626628858389,27.81859620746598,32.56083342232203,0.19174796812908035,sorghum
1.211418994201805,12.838400282035963,100.0481305687372,6.21314935268211,0.02,18.085470823625258,49.86451333333697,0.0,sorghum
1.1690284089401808,17.31644217616352,170.95160675568232,7.419518110842822,0.11760378334589983,14.03837603172172,47.07606953100074,0.0,sorghum
1.0550613295066236,29.92230833613996,252.73282268943345,6.189050261025339,0.054769588779405416,27.08546716889347,49.08930306619676,3.9970778775476,sorghum
0.8644591736523789,15.964225985699535,224.63022591168374,7.046566868320682,0.08758382500059456,27.110159420810348,51.26276314110782,0.0,sorghum
1.4611296092791286,17.66157196022016,224.14960498716363,6.896494576239144,0.02,22.752987591950497,42.096008499092115,0.0,sorghum
0.9790751707334284,28.882890352669094,140.22831097096264,7.164193380826649,0.02,22.721969721521802,30.244793441173655,2.5371467750671473,sorghum
1.252075735544759,6.686731888606934,143.14451266970832,5.758349745514622,0.05283915492791898,21.43734553110585,44.549461758545625,0.0,sorghum
1.0477968836905212,6.2540605663939886,236.2420045329959,7.089406980972067,0.12747393161088216,34.917821047207006,29.997075101977163,0.0,sorghum
0.8208128468304222,16.583627977651403,155.54213243457932,6.50001739686665,0.10021408634134021,17.65402481219803,25.720171710235192,0.0,sorghum
1.538869167639703,6.370086541561063,206.6524795485155,6.517582887793601,0.12374688172230507,20.316808223711213,48.52480866904765,4.6332390423979515,sorghum
1.0609618698772454,11.725880823031844,84.64861046002386,6.103473080676178,0.13597213508845252,30.35382871222003,60.172934904385045,1.567375712502841,sorghum
1.2813022637887712,25.0959133365122,144.88452691528784,6.865857238196063,0.12897168938722292,23.48819284226382,48.85046737401882,2.4385409019039717,sorghum
0.0,10.662765838028578,198.4290325933467,7.5119836814271235,0.06635440043675844,34.55022210615545,59.55848083518833,0.0,sorghum
1.3408387411800025,13.671374002912808,158.21836972556616,6.057016859719893,0.1542979506470235,29.014037582573547,44.796371558727024,1.3531794660408958,sorghum
0.7993186697410228,23.08393615403006,124.27537105080698,5.24787617604808,0.12697100373714104,24.27556698972106,42.29088954126515,1.3982651791672123,sorghum
1.206080707560719,8.106419859603172,126.50472807781725,7.265829191814552,0.07105685717783175,27.222989984035898,42.176968194478434,0.4490567578459884,sorghum
0.5663422924500053,15.552758896811048,154.4083569306461,7.4009606846925085,0.11168352965856912,26.383762231525168,24.79821810850395,0.0,sorghum
1.5378170140292204,24.54509339349858,246.69892475069318,6.010253201710145,0.10068681540256914,23.93910624824653,30.86645579251479,5.0793133789038425,sorghum
1.490690783005302,25.91775913049426,197.7240960711498,6.103682730325033,0.11762966699019975,33.358159620021986,48.3858343629345,0.0,sorghum
0.8971922022982592,30.726320519421762,241.98740647180446,5.802154639507128,0.12000476478567437,35.17009733746606,62.812824039467436,1.2182467424997674,sorghum
0.5277476901808305,17.291215201327084,227.32709754482244,6.3723546416344465,0.1074420524651398,27.97563061475761,56.7787701592664,0.9476188149994672,sorghum
1.0427398040539666,20.358332479133693,211.58121183538373,7.473728530972999,0.11905951005187544,19.667033522554227,73.56297977973728,1.9688767290094642,sorghum
0.9158884001808411,19.43844850183476,179.03155683734556,6.503204092758588,0.08065177747873645,26.5803475391508,44.691106912485,0.5335258757212062,sorghum
0.8170807190569155,20.05160990016687,169.5952718888116,6.411965196683183,0.05708950419738967,25.31978252340537,39.3320402195898,1.790092227241749,sorghum
0.9690000977883059,13.798337611201966,188.4571947060089,6.808575849667928,0.052170002064213336,28.160700729625294,43.59562868166742,2.3670879374217146,sorghum
0.9150337600212357,11.612890095155976,219.20482519416817,7.169081420854314,0.12404070405735809,22.34346877949304,35.92871581080732,0.15420427367029887,sorghum
0.8554162078353402,17.09947665651227,240.30255599937735,6.007440876773866,0.12641183106279533,17.948685049438716,75.11625954146781,0.0,sorghum
0.2550579323716491,12.43355120419205,261.27104769872255,7.124004304751287,0.17136267651866602,29.67175074002066,40.72652677765595,0.0,sorghum
1.2287507502402348,17.25952577636354,171.36046424988322,6.7741273331462635,0.14446492320001306,36.568783080265455,27.616887932555642,4.7986855548027165,sorghum
1.228405229905238,30.761412145912786,148.90440749522975,7.0912406598261954,0.12507940196615527,25.53194568761139,56.173638339022126,7.5975373007979154,sorghum
1.440666127006389,13.047133412734643,213.66756739513258,6.869873361624568,0.07208501900402631,30.40848988178405,25.233675641384004,2.9602332143804126,sorghum
1.3035475048829244,17.327477802117524,134.59804332433993,6.851874037599342,0.12361859311562698,27.28360234020595,49.78237593807428,3.227548199899517,sorghum
1.3409766605870612,13.250352710206664,168.8273398953816,7.452832691318725,0.08680208462700974,24.99514837269511,41.69577082321758,0.9026032154089659,sorghum
1.1919335014151533,14.226173380170108,269.98431774404423,6.995363070407568,0.06398429625000862,29.71589960094706,57.4362543528313,1.9154736619444928,sorghum
0.7262480046116877,7.6844813770383205,145.33855352348823,7.142094561375085,0.15824201342599437,23.238047222101624,44.194447056971676,0.0,sorghum
0.2252911884528016,16.8799582846848,265.93712300130665,7.217323658544363,0.04389643723767022,20.13343729037951,57.59895021171827,0.0,sorghum
1.0759423296720103,15.534563778981099,208.97238794388704,7.380884483441764,0.11118467383944423,27.49487242243539,26.27072572662025,0.2691286502980509,sorghum
0.4334805011466679,18.531052451405348,164.23615825132666,6.428337047768706,0.031458008047745525,32.19390629817242,55.54731016441095,0.0,sorghum
1.4853882874191813,9.849113628696117,220.0574574530381,7.514391743757313,0.08645031169420195,29.10561052627071,47.64127516950371,4.502310068599318,sorghum
1.0729732634560933,17.676855793076406,203.30704494939795,5.920233271970928,0.08287373380334101,22.8082089789227,28.691463567256697,0.0,sorghum
0.4797490830851341,20.67798828370859,103.06762796109089,7.512895494380604,0.09314486377970385,33.07592067308276,46.261097137136865,0.09387382895512153,sorghum
1.0878364353961578,12.48276960206625,246.12289439347023,6.710586505677921,0.1478805082762465,32.84476613897242,52.15367047403794,3.7523853235996967,sorghum
0.9031002238759294,21.118812406056204,257.7326101133234,6.655424723889873,0.08674360651596648,27.27147254518362,26.667807707737317,6.362562961439647,sorghum
1.4921145946261611,14.478157888965598,168.76066817954197,6.892626404455315,0.1355737075867347,31.20786718511495,49.30423779155643,0.900565815774558,sorghum
0.718470788097649,15.706013797368389,150.16720473145244,7.096522517998085,0.08175951313227484,27.208897780457512,27.60709148428508,0.0,sorghum
0.9569223251772379,24.318409686278535,161.219957694112,6.386743579894137,0.08395128371181959,27.738759906925335,58.79352432868862,4.7402041163586865,sorghum
1.304948803942144,19.265072402485092,249.96112199211865,6.872970491497976,0.0834193919752052,20.692598623582292,13.54746866087373,0.0,sorghum
0.5622999455413118,12.67542316756727,152.6534465411171,6.676952196590804,0.1395853747030406,35.54217122273138,34.752237874347884,3.9784720176924413,sorghum
0.5082240601787675,17.352196473610316,167.89235370845861,6.308580552518559,0.04802969712234424,29.870809691655467,23.882673649864273,2.153685372573274,sorghum
1.4608096044251466,13.18766442801661,150.547249881806,6.902917362720447,0.12205644693990506,37.58182874771766,35.266994674386,2.353019066060612,sorghum
1.1994878864767449,27.687248244547384,184.26292822760962,6.584772511616598,0.06901760508079924,25.337788150286038,50.833640393964984,0.0,sorghum
1.4534617443853266,21.27622861182476,241.85882403763054,6.583157289306951,0.05622227234870825,27.010276933941675,54.867807975525245,3.461167078713509,sorghum
1.3581042689976268,14.385997490394466,184.89056964126877,6.35985784873413,0.10549889877836822,24.20667559262652,32.59439366801302,0.11680699867070166,sorghum
0.9990842160537141,7.391152185720017,123.30603475695459,6.517937427274371,0.14027204700848603,28.029539559795918,36.22385144898668,0.0,sorghum
0.6337913369982986,24.797270436492507,239.2739680518182,6.1061041783703365,0.12961811246449187,21.80256629828665,30.074413928481892,3.253857325642347,sorghum
0.8097818126670013,23.76930045819755,255.3440924044383,6.913898851241937,0.12702240858821406,37.32953056068253,53.92425575933582,4.160740761427996,sorghum
1.1660877707293262,14.206947159734984,212.53300938634362,7.366026299124626,0.0560289555055496,29.223773993259716,59.277295322960114,4.089448219545794,sorghum
0.8284001253270159,15.52289480004241,192.34871498225283,8.176467524317818,0.06671825996091549,20.505413414939845,57.099264645636566,0.0,sorghum
1.119954362978809,14.27660107995176,242.67276871330455,6.42502304085702,0.12717363501602288,24.218534033206037,54.74923911360679,2.429637314698544,sorghum
0.964192191398898,27.092586548766413,214.98587022405314,6.5057854716933745,0.09404482542552631,20.01573006136252,51.839052051365414,0.6824169153480915,sorghum
1.3269412391224829,15.983151456699098,217.10010706420462,6.627838048466135,0.11336831369321346,26.82329479588233,41.24582487277524,0.0,sorghum
0.584910893419925,12.266966806268156,261.51169596693813,7.413287108256641,0.10540517353535646,27.12193170720323,42.17820080955816,0.0,sorghum
1.4977404406644834,19.387701616704376,78.21540044141332,6.5218353685215815,0.13253910298937593,26.007589447280697,55.49704258407034,1.372393658660269,sorghum
0.47312786838976306,18.695518211622346,204.53246742922462,6.3188957486528565,0.10692029420674261,34.60435176468094,58.12457815263882,3.2535585527632707,sorghum
0.5422720396499027,17.391861021600587,209.7357182742999,6.5686566950175145,0.05000333772588396,28.677462677680314,58.94305613580205,1.9051665290248692,sorghum
0.8701555345976376,10.394403723168054,188.50398582303134,6.8651179777015585,0.10269938221084612,25.0833976422977,41.232471287095464,2.859208026984139,sorghum
0.7017464714761895,19.53165126949527,179.93955291715895,6.952323813596042,0.08558904372786647,23.26746057130305,61.7042532764644,0.0,sorghum
0.33090706862145347,19.75353720631071,157.20266621938524,6.632076690126234,0.028845924776824683,32.36527434205505,74.17307488655143,2.6388753046545332,sorghum
0.9330228880970469,29.561268469227304,168.92639318250644,5.885571929032572,0.15640279748061964,35.75812804749949,45.84671288897015,0.6835734860047223,sorghum
0.7652584302186997,23.26537242508507,108.25320215330048,5.730290033165687,0.12374276832192052,32.64281200750629,40.834628139958994,1.319420322198981,sorghum
0.9795962363710832,14.831418088766778,154.509511651646,6.765789310532924,0.13630996009816998,35.025164183985424,21.69006760829628,0.5399797603899282,sorghum
0.8791557837766587,20.91570822475576,216.3240116573882,7.107569159962273,0.11312276609176326,19.51676520606148,41.255088869813605,1.5026057219801419,sorghum
0.7282349414893525,27.22137063696139,110.28347015242106,6.656971929814172,0.0540490984802962,29.67660062301529,42.81268585690239,2.355223612280714,sorghum
0.6824975865562913,18.24941949522152,151.44787724950376,7.541363146948241,0.06878266372045305,22.54233719356011,36.47278775543701,3.4539476262592643,sorghum
1.6092041801123498,15.633570786444439,160.82400372112747,7.564067871280374,0.07345087130976444,25.951144632742032,65.83660040536078,4.847129252790133,sorghum
1.7755736455985183,9.619317079253968,208.18258033665694,6.113856389140306,0.08064012157284367,30.35127010006459,59.724026915415884,0.0,sorghum
1.6068238124262775,20.872212539847364,167.38194189395463,7.011186259870372,0.07470714388580377,25.09634334443528,51.14700143056157,0.9263688406955338,sorghum
1.5203429154058876,9.341808624753728,227.54831792260788,5.74832859657049,0.09898406646974718,26.606939982090868,55.93120968192201,1.2637832256909367,sorghum
1.2311778641376292,18.85424624016643,151.56587597759628,6.133215874890964,0.09665681111425792,30.093848486955064,37.30753963790828,4.886910718549209,sorghum
0.6601680651353294,17.08510828627151,64.35008160263845,5.688734322430689,0.048886714037354034,28.346205037116892,66.57961317997302,0.0,sorghum
1.0666802227109127,24.45037903700202,158.43560064980875,6.20835339465745,0.13773251174651152,25.758669903327764,45.799147797192525,1.3826085932805612,sorghum
0.7188696902771142,23.377722595193585,188.07397433010678,6.337352601941554,0.0737151931697957,30.514012338531987,59.168500302467606,0.5729540445522066,sorghum
1.0735356734020138,14.524899427267552,110.20846525991615,6.402731221400812,0.08815041717995764,24.76080281197198,52.402058100502416,1.714783660742484,sorghum
1.4174367350560155,27.01464307039741,228.33913213089428,6.7227689948402904,0.11845404741875752,30.673923612324423,50.20037400846141,1.2442303450026013,sorghum
1.0090084221643396,22.678533012165435,228.28394500081924,7.506031650629022,0.08245512046045997,28.25385734705279,51.89592267581306,3.1450439270479498,sorghum
0.8516145385434435,17.70004059576493,113.87008775936226,6.987810820930024,0.12236395111976513,24.63429818945795,36.435296979417316,4.191960919095262,sorghum
0.6788372948419472,24.39018915349991,146.30681995020657,6.759381281596966,0.14436065075308516,18.934862296670854,37.39524852764802,3.670838517110427,sorghum
0.3964296124842769,17.2884234659093,166.1071529221778,6.122377300167899,0.12591546435205817,24.255074935235342,43.46528131384692,0.0,sorghum
0.7889606767011189,16.840210151152895,168.78155146035266,6.812967174815007,0.07758319189467562,28.352576221956056,41.94584228744066,0.0,sorghum
1.1309066114929958,8.577422954619285,248.67525786588277,6.306289338083702,0.17577948848363312,25.39154895753652,54.527267917750855,0.4045507057915382,sorghum
1.2146216715077711,24.95348702546373,133.2478225069957,6.3619120102301,0.0859114892108962,17.688562029073793,63.73357319087928,0.30016945217623925,sorghum
1.15644519243966,9.639318532606008,134.64238668246946,6.262380946331339,0.09381388150420782,34.30093657852652,45.61576008089966,2.402935165212054,sorghum
0.6889362626746767,10.328913126699657,192.03336738972362,7.487255731638962,0.10859607919683226,25.926524639227054,35.33123952365228,0.6090168900824271,sorghum
0.6471804178305337,21.43102767779972,144.77147825504883,5.926513100706876,0.108195751199929,25.634923739849498,48.55269665531587,0.0,sorghum
1.4253680106388056,15.213026826822766,187.6132906902619,7.1581141231813294,0.11252125443790299,19.986496259263845,30.236279890288795,0.0,sorghum
1.1611680558031934,23.915787004693602,230.49128294106177,5.638259611644429,0.06913626939770919,29.20623749383672,47.09079674633586,1.8768500631389933,sorghum
1.2475075638678885,19.540758311505204,231.13203235639315,6.307163983242547,0.049516867842047355,27.009361200481592,55.59343930486901,2.708193126796038,sorghum
1.2465222079478797,14.73815161951696,139.51465476421762,6.332257115093926,0.11247922960503803,26.10030764958695,57.986955015443094,4.149430458228417,sorghum
1.0027537431958145,15.267174764192266,202.14714451085626,6.1185113855638225,0.10760294701474674,18.353394487835164,37.931233337007555,0.8336717765238195,sorghum
1.2042881348832508,14.84823050332485,132.06454108525594,6.426216220531087,0.1576120249001034,24.156600404929385,30.84775010692979,0.9227218527952552,sorghum
0.7054781013306415,15.665810877235382,208.1049168642544,7.654760347523997,0.08056838995160623,23.367430346670506,37.36336245752063,1.0850546090738724,sorghum
0.7722427260602724,13.432758664510914,269.63317312730646,7.127200580487765,0.09046266904563144,10.66532611332827,45.93838332274082,0.0,sorghum
0.9478045238168479,23.009656089521492,247.2760824065507,6.295926007910444,0.11719589269671932,18.97110687680595,39.832324292738036,0.7689509677275739,sorghum
1.6075964245432584,22.617239230792062,206.06265373844695,7.051992475830605,0.07966369493408884,17.406416540158208,46.73721651353749,0.8821752135971843,sorghum
1.2717639112640104,24.346271002584867,203.29029149412204,5.745695386517264,0.062321048088289255,25.598056664426515,55.075854891004596,1.4554942555075288,sorghum
0.49512235433817353,19.205799221772768,187.2135229190105,6.309004177032548,0.07236402590822115,25.859675658158718,57.43180701897039,1.2639736907704462,sorghum
0.7636486531782319,18.77036152775376,173.45616984190744,6.553140957125022,0.10919485958443535,27.430599078839162,51.549306430298955,1.5426976016827965,sorghum
1.1380316833038302,21.335001984271845,240.54645884956733,7.317748277384828,0.07808056556330817,22.714000393647666,27.75690866310306,1.8130043975535757,sorghum
1.4508572721212618,20.7007834931687,189.51362754121234,6.440658777891724,0.11698870111027802,31.30172327769626,50.20366224778014,2.117789935847192,sorghum
1.4057440329549118,24.610891209821045,121.93197154787836,7.017174221732381,0.04798548242477217,18.31271486590007,46.7406702887115,0.0,sorghum
1.1570377352798522,25.936277061908235,188.4261991172171,6.536530642778146,0.05653527886312577,25.68087830990456,37.2431944539339,3.3152285050190313,sorghum
0.7939546630752548,12.407980107697753,248.78680844508028,5.934406183168353,0.0927284772494333,25.693889472383656,45.88020909274576,0.0,sorghum
1.2311848100734606,20.896897551705592,206.896891281562,5.81880033548736,0.07640528452396735,26.049376528360177,44.1720462022034,1.4262805415441393,sorghum
0.49462685820881835,3.366815437381881,211.7190308957198,7.099257691928978,0.13623290888823567,34.92851363950575,29.35261527280585,0.0,sorghum
0.386169954024451,29.677819764889946,174.7039875596792,5.57027729849991,0.1427356128103986,31.317451986931538,32.81454915027439,0.0,sorghum
1.1144328246316153,26.678314507574893,170.60444277156623,6.521378835726507,0.07600361545884568,22.49396602220739,50.39452938592535,1.2969081958506492,sorghum
1.1725573561894225,17.414209937985422,182.4719710077776,7.322044270160866,0.07030734888920208,31.443745634160592,38.122933103477635,2.472574392184721,sorghum
1.214599461524352,16.096910967061564,295.6833628140991,6.941754287979766,0.13636018393088753,22.386729620868408,80.98568175535397,2.174881994567432,sorghum
1.3320192480678348,15.329748345583237,172.71399854406573,6.972194947674178,0.09492085117974404,33.80099266105959,60.0731408826901,2.200292145771072,sorghum
1.51641707315041,21.603180295458692,236.5863931966012,6.557027890296824,0.09481722325669009,27.1887372780966,45.852082046363144,2.23036477445637,sorghum
0.9005812149876224,26.526539435501046,223.50199938017948,6.380236724804402,0.08514412316772668,37.96464213074834,53.555588214545786,0.0,sorghum
0.8444497169692831,14.691170982418008,180.89906920496333,6.223266628331213,0.09003433982259315,30.5805235729425,25.46204287516874,0.0,sorghum
0.6601604022860759,21.930394641378975,245.19107710303817,6.259834745766323,0.0398290759346199,35.77151030366574,43.426723369005195,1.8840381538842195,sorghum
0.5073691373989831,21.172216050048387,233.40092861777887,6.692871504973722,0.07079987114793522,29.393874175035943,45.336249907943206,3.485099876364103,sorghum
1.522879492639782,25.08236819450465,189.66821082843512,7.340321563649605,0.12421492466970033,32.072643356077606,47.57421237474024,0.0,sorghum
0.902015625022532,17.84991389767571,287.7043097349766,6.92016035504534,0.10174183852585952,21.872964121795327,54.774055312984956,2.3894532598630702,sorghum
1.012823726943318,15.403750131926236,218.5186555798671,7.31506917017819,0.04941392523112658,26.34027800836779,51.82291821033114,0.0,sorghum
0.8123900667387635,19.09524731599844,260.46850172026564,6.882185572583231,0.14392014903590206,26.740319800302004,37.2928900796905,1.5002424111373593,sorghum
1.3708452291176259,19.737053588668275,191.10075905564653,7.367860903262613,0.09186004480983027,30.02054026596866,68.16514764529416,2.395683034164567,sorghum
0.723249921119695,23.65329818324199,183.92234513249008,7.200482360788815,0.09684129517560576,25.05682982197024,44.23469386682408,0.7704054195831986,sorghum
0.7966358673965475,16.48795462323398,135.93823758607886,6.554538535597831,0.06733886221436619,32.15549861446126,36.70501506786295,1.8560273068651907,sorghum
1.1742864276867726,18.5638022728666,219.95721001993618,6.713725065972635,0.05621120862067964,19.080789464640233,48.737286659676734,3.132122230110655,sorghum
1.345988323547627,5.909291179581544,157.9953658249677,6.870580336290482,0.057658082579143656,29.91463466786077,47.15985561862485,0.47322568908114626,sorghum
0.6328044868658518,14.269415528042135,223.8819938540202,5.886661265184908,0.08117155979400582,28.199727815004362,57.090450106775904,0.9431573654186922,sorghum
0.7305502115509355,20.333004094333297,160.9683115424422,7.400649180894736,0.09199512960756215,19.101615093902325,60.19109789352133,2.0328176174672397,sorghum
0.9096977354538024,15.323774170849195,189.86951633649085,6.819516742401907,0.06391341612162796,22.508738571329438,17.488803758929304,0.0,sorghum
1.504722372053994,21.9358426689291,194.06900021532724,5.51592188600851,0.07114707620972217,25.09286671744445,54.085717401579664,1.228802943002528,sorghum
